Movie Title,Year of Realease,Genre,Movie Rating,Duration,Gross (In Millions),Metascore,Votes
Avatar,2009,"Action,Adventure,Fantasy",7.8,162,760.51 ,83,"1,236,962"
Avengers: Endgame,2019,"Action,Adventure,Drama",8.4,181,858.37 ,78,"1,108,641"
Titanic,1997,"Drama,Romance",7.9,194,659.33 ,75,"1,162,142"
Star Wars: Episode VII - The Force Awakens,2015,"Action,Adventure,Sci-Fi",7.8,138,936.66 ,80,"925,551"
Avengers: Infinity War,2018,"Action,Adventure,Sci-Fi",8.4,149,678.82 ,68,"1,062,517"
Spider-Man: No Way Home,2021,"Action,Adventure,Fantasy",8.3,148,804.75 ,71,"735,006"
Jurassic World,2015,"Action,Adventure,Sci-Fi",6.9,124,652.27 ,59,"640,590"
The Lion King,2019,"Animation,Adventure,Drama",6.8,118,543.64 ,55,"244,170"
The Avengers,2012,"Action,Adventure,Sci-Fi",8,143,623.28 ,69,"1,381,149"
Fast & Furious 7,2015,"Action,Crime,Thriller",7.1,137,353.01 ,67,"389,484"
Frozen II,2019,"Animation,Adventure,Comedy",6.8,103,477.37 ,64,"171,270"
Avengers: Age of Ultron,2015,"Action,Adventure,Sci-Fi",7.3,141,459.01 ,66,"856,080"
Black Panther,2018,"Action,Adventure,Sci-Fi",7.3,134,700.06 ,88,"751,667"
Harry Potter and the Deathly Hallows: Part 2,2011,"Adventure,Family,Fantasy",8.1,130,381.01 ,85,"867,676"
Star Wars: Episode VIII - The Last Jedi,2017,"Action,Adventure,Fantasy",6.9,152,620.18 ,84,"627,406"
Jurassic World: Fallen Kingdom,2018,"Action,Adventure,Sci-Fi",6.1,128,417.72 ,51,"315,318"
Frozen,2013,"Animation,Adventure,Comedy",7.4,102,400.74 ,75,"621,680"
Beauty and the Beast,2017,"Adventure,Family,Fantasy",7.1,129,504.01 ,65,"308,027"
Incredibles 2,2018,"Animation,Action,Adventure",7.6,118,608.58 ,80,"295,100"
The Fate of the Furious,2017,"Action,Crime,Thriller",6.6,136,226.01 ,56,"231,745"
Iron Man Three,2013,"Action,Adventure,Sci-Fi",7.1,130,409.01 ,62,"844,284"
Minions,2015,"Animation,Adventure,Comedy",6.4,91,336.05 ,56,"238,820"
Captain America: Civil War,2016,"Action,Adventure,Sci-Fi",7.8,147,408.08 ,75,"779,525"
Aquaman,2018,"Action,Adventure,Fantasy",6.8,143,335.06 ,55,"469,031"
The Lord of the Rings: The Return of the King,2003,"Action,Adventure,Drama",9,201,377.85 ,94,"1,826,650"
Spider-Man: Far from Home,2019,"Action,Adventure,Sci-Fi",7.4,129,390.53 ,69,"485,051"
Captain Marvel,2019,"Action,Adventure,Sci-Fi",6.8,123,426.83 ,64,"554,645"
Transformers: Dark of the Moon,2011,"Action,Adventure,Sci-Fi",6.2,154,352.39 ,42,"408,412"
Skyfall,2012,"Action,Adventure,Thriller",7.8,143,304.36 ,81,"694,633"
Transformers: Age of Extinction,2014,"Action,Adventure,Sci-Fi",5.6,165,245.44 ,32,"314,154"
Jurassic Park,1993,"Action,Adventure,Sci-Fi",8.2,127,402.45 ,68,"980,979"
The Dark Knight Rises,2012,"Action,Drama",8.4,164,448.14 ,78,"1,689,199"
Joker,2019,"Crime,Drama,Thriller",8.4,122,335.45 ,59,"1,252,541"
Star Wars: Episode IX - The Rise of Skywalker,2019,"Action,Adventure,Fantasy",6.5,141,515.20 ,53,"446,565"
Toy Story 4,2019,"Animation,Adventure,Comedy",7.7,100,434.04 ,84,"248,612"
Toy Story 3,2010,"Animation,Adventure,Comedy",8.3,103,415.00 ,92,"830,727"
Pirates of the Caribbean: Dead Man's Chest,2006,"Action,Adventure,Fantasy",7.3,151,423.32 ,53,"716,144"
The Lion King,1994,"Animation,Adventure,Drama",8.5,88,422.78 ,88,"1,048,260"
Rogue One,2016,"Action,Adventure,Sci-Fi",7.8,133,532.18 ,65,"628,840"
Aladdin,2019,"Adventure,Comedy,Family",6.9,128,355.56 ,53,"264,450"
Pirates of the Caribbean: On Stranger Tides,2011,"Action,Adventure,Fantasy",6.6,137,241.06 ,45,"526,578"
Despicable Me 3,2017,"Animation,Adventure,Comedy",6.2,89,264.62 ,49,"135,707"
Finding Dory,2016,"Animation,Adventure,Comedy",7.3,97,486.30 ,77,"275,251"
Star Wars: Episode I - The Phantom Menace,1999,"Action,Adventure,Fantasy",6.5,136,474.54 ,51,"801,077"
Alice in Wonderland,2010,"Adventure,Family,Fantasy",6.4,108,334.19 ,53,"414,116"
Zootopia,2016,"Animation,Adventure,Comedy",8,108,341.27 ,78,"494,843"
Harry Potter and the Sorcerer's Stone,2001,"Adventure,Family,Fantasy",7.6,152,317.58 ,65,"770,196"
The Hobbit: An Unexpected Journey,2012,"Adventure,Fantasy",7.8,169,303.00 ,58,"823,402"
The Dark Knight,2008,"Action,Crime,Drama",9,152,534.86 ,84,"2,622,926"
Harry Potter and the Deathly Hallows: Part 1,2010,"Adventure,Family,Fantasy",7.7,146,295.98 ,65,"544,179"
Despicable Me 2,2013,"Animation,Adventure,Comedy",7.3,98,368.06 ,62,"400,030"
The Jungle Book,2016,"Adventure,Drama,Family",7.4,106,364.00 ,77,"277,311"
Jumanji: Welcome to the Jungle,2017,"Action,Adventure,Comedy",6.9,119,404.52 ,58,"377,561"
The Hobbit: The Battle of the Five Armies,2014,"Adventure,Fantasy",7.4,144,255.12 ,59,"529,711"
Pirates of the Caribbean: At World's End,2007,"Action,Adventure,Fantasy",7.1,169,309.42 ,50,"649,327"
The Hobbit: The Desolation of Smaug,2013,"Adventure,Fantasy",7.8,161,258.37 ,66,"659,955"
The Lord of the Rings: The Two Towers,2002,"Action,Adventure,Drama",8.8,179,342.55 ,87,"1,649,383"
Harry Potter and the Order of the Phoenix,2007,"Action,Adventure,Family",7.5,138,292.00 ,71,"576,897"
Finding Nemo,2003,"Animation,Adventure,Comedy",8.2,100,380.84 ,90,"1,036,553"
Harry Potter and the Half-Blood Prince,2009,"Action,Adventure,Family",7.6,153,301.96 ,78,"540,537"
Shrek 2,2004,"Animation,Adventure,Comedy",7.3,93,436.47 ,75,"461,112"
Bohemian Rhapsody,2018,"Biography,Drama,Music",7.9,134,216.43 ,49,"534,276"
The Lord of the Rings: The Fellowship of the Ring,2001,"Action,Adventure,Drama",8.8,178,315.54 ,92,"1,853,771"
Harry Potter and the Goblet of Fire,2005,"Adventure,Family,Fantasy",7.7,157,290.01 ,81,"621,111"
Spider-Man 3,2007,"Action,Adventure,Sci-Fi",6.3,139,336.53 ,59,"587,489"
Ice Age: Dawn of the Dinosaurs,2009,"Animation,Adventure,Comedy",6.9,94,196.57 ,50,"245,386"
Spectre,2015,"Action,Adventure,Thriller",6.8,148,200.07 ,60,"439,299"
Spider-Man: Homecoming,2017,"Action,Adventure,Sci-Fi",7.4,133,334.20 ,73,"649,821"
Harry Potter and the Chamber of Secrets,2002,"Adventure,Family,Fantasy",7.4,161,261.99 ,63,"629,277"
Ice Age: Continental Drift,2012,"Animation,Adventure,Comedy",6.5,88,161.32 ,49,"209,391"
The Secret Life of Pets,2016,"Animation,Adventure,Comedy",6.5,87,368.38 ,61,"202,342"
Batman v Superman: Dawn of Justice,2016,"Action,Adventure,Sci-Fi",6.4,152,330.36 ,44,"695,862"
Zhan lang II,2017,"Action,Adventure,Drama",5.9,123,2.72 ,44,"8,132"
Star Wars: Episode III - Revenge of the Sith,2005,"Action,Adventure,Fantasy",7.6,140,380.26 ,68,"786,549"
The Hunger Games: Catching Fire,2013,"Action,Adventure,Sci-Fi",7.5,146,424.67 ,76,"662,070"
Guardians of the Galaxy Vol. 2,2017,"Action,Adventure,Comedy",7.6,136,389.81 ,67,"673,752"
Inside Out,2015,"Animation,Adventure,Comedy",8.2,95,356.46 ,94,"706,883"
Venom,2018,"Action,Adventure,Sci-Fi",6.6,112,213.52 ,35,"480,550"
Thor: Ragnarok,2017,"Action,Adventure,Comedy",7.9,130,315.06 ,74,"742,843"
Inception,2010,"Action,Adventure,Sci-Fi",8.8,148,292.58 ,74,"2,324,716"
Transformers: Revenge of the Fallen,2009,"Action,Adventure,Sci-Fi",5.9,149,402.11 ,35,"406,957"
The Twilight Saga: Breaking Dawn - Part 2,2012,"Adventure,Drama,Fantasy",5.5,115,292.30 ,52,"249,122"
Spider-Man,2002,"Action,Adventure,Sci-Fi",7.4,121,403.71 ,73,"811,999"
Wonder Woman,2017,"Action,Adventure,Fantasy",7.4,141,412.56 ,76,"653,072"
Independence Day,1996,"Action,Adventure,Sci-Fi",7,145,306.17 ,59,"574,288"
Fantastic Beasts and Where to Find Them,2016,"Adventure,Family,Fantasy",7.2,132,234.04 ,66,"473,418"
Shrek the Third,2007,"Animation,Adventure,Comedy",6.1,93,320.71 ,58,"306,508"
Coco,2017,"Animation,Adventure,Comedy",8.4,105,209.73 ,81,"498,683"
Jumanji: The Next Level,2019,"Action,Adventure,Comedy",6.7,123,316.83 ,58,"248,177"
Harry Potter and the Prisoner of Azkaban,2004,"Adventure,Family,Fantasy",7.9,142,249.36 ,82,"628,520"
Pirates of the Caribbean: Dead Men Tell No Tales,2017,"Action,Adventure,Fantasy",6.5,129,172.56 ,39,"310,294"
E.T. the Extra-Terrestrial,1982,"Adventure,Family,Sci-Fi",7.9,115,435.11 ,91,"407,536"
Mission: Impossible - Fallout,2018,"Action,Adventure,Thriller",7.7,147,220.16 ,86,"331,232"
2012,2009,"Action,Adventure,Sci-Fi",5.8,158,166.11 ,49,"377,606"
Indiana Jones and the Kingdom of the Crystal Skull,2008,"Action,Adventure",6.2,122,317.10 ,65,"453,532"
Spider-Man 2,2004,"Action,Adventure,Sci-Fi",7.4,127,373.59 ,83,"648,995"
Furious 6,2013,"Action,Adventure,Crime",7,130,238.68 ,61,"394,307"
Deadpool 2,2018,"Action,Adventure,Comedy",7.7,119,324.59 ,66,"575,147"
Deadpool,2016,"Action,Adventure,Comedy",8,108,363.07 ,65,"1,026,159"
Star Wars,1977,"Action,Adventure,Fantasy",8.6,121,322.74 ,90,"1,353,518"
No Time to Die,2021,"Action,Adventure,Thriller",7.3,163,160.87 ,68,"392,253"
Guardians of the Galaxy,2014,"Action,Adventure,Comedy",8,121,333.18 ,76,"1,167,695"
The Da Vinci Code,2006,"Mystery,Thriller",6.6,149,217.54 ,46,"432,328"
Fast & Furious Presents: Hobbs & Shaw,2019,"Action,Adventure,Thriller",6.5,137,173.96 ,60,"211,651"
Maleficent,2014,"Adventure,Family,Fantasy",6.9,97,241.41 ,56,"374,967"
The Amazing Spider-Man,2012,"Action,Adventure,Sci-Fi",6.9,136,262.03 ,66,"653,109"
The Hunger Games: Mockingjay - Part 1,2014,"Action,Adventure,Sci-Fi",6.6,123,337.14 ,64,"453,870"
Shrek Forever After,2010,"Animation,Adventure,Comedy",6.3,93,238.37 ,58,"204,809"
Madagascar 3: Europe's Most Wanted,2012,"Animation,Adventure,Comedy",6.8,95,216.39 ,60,"181,744"
Suicide Squad,2016,"Action,Adventure,Fantasy",5.9,123,325.10 ,40,"682,385"
X-Men: Days of Future Past,2014,"Action,Adventure,Sci-Fi",7.9,132,233.92 ,75,"710,007"
"The Chronicles of Narnia: The Lion, the Witch and the Wardrobe",2005,"Adventure,Family,Fantasy",6.9,143,291.71 ,75,"397,304"
Monsters University,2013,"Animation,Adventure,Comedy",7.2,104,268.49 ,65,"358,803"
The Matrix Reloaded,2003,"Action,Sci-Fi",7.2,138,281.49 ,62,"592,924"
Up,2009,"Animation,Adventure,Comedy",8.3,96,293.00 ,88,"1,035,685"
Ne Zha zhi mo tong jiang shi,2019,"Animation,Action,Adventure",7.4,110,3.70 ,54,"7,676"
F9,2021,"Action,Crime,Thriller",5.2,143,173.20 ,58,"130,723"
Gravity,2013,"Drama,Sci-Fi,Thriller",7.7,91,274.09 ,96,"822,546"
Captain America: The Winter Soldier,2014,"Action,Adventure,Sci-Fi",7.8,136,259.77 ,70,"838,915"
The Twilight Saga: Breaking Dawn - Part 1,2011,"Adventure,Drama,Fantasy",4.9,117,281.29 ,45,"240,895"
The Twilight Saga: New Moon,2009,"Adventure,Drama,Fantasy",4.7,130,296.62 ,44,"284,729"
Dawn of the Planet of the Apes,2014,"Action,Adventure,Drama",7.6,130,208.55 ,79,"441,019"
Transformers,2007,"Action,Adventure,Sci-Fi",7,144,319.25 ,61,"636,038"
The Amazing Spider-Man 2,2014,"Action,Adventure,Sci-Fi",6.6,142,202.85 ,53,"495,780"
It,2017,Horror,7.3,135,327.48 ,69,"540,445"
Interstellar,2014,"Adventure,Drama,Sci-Fi",8.6,169,188.02 ,74,"1,795,113"
Liu lang di qiu,2019,"Action,Adventure,Sci-Fi",5.9,125,5.88 ,57,"30,681"
The Twilight Saga: Eclipse,2010,"Action,Adventure,Drama",5,124,300.53 ,58,"246,316"
Mission: Impossible - Ghost Protocol,2011,"Action,Thriller",7.4,132,209.40 ,73,"489,750"
The Hunger Games,2012,"Action,Adventure,Sci-Fi",7.2,142,408.01 ,68,"913,111"
Mission: Impossible - Rogue Nation,2015,"Action,Adventure,Thriller",7.4,131,195.04 ,75,"372,665"
Forrest Gump,1994,"Drama,Romance",8.8,142,330.25 ,82,"2,053,012"
Doctor Strange,2016,"Action,Adventure,Fantasy",7.5,115,232.64 ,72,"735,360"
The Sixth Sense,1999,"Drama,Mystery,Thriller",8.2,107,293.51 ,64,"985,833"
Man of Steel,2013,"Action,Adventure,Sci-Fi",7.1,143,291.05 ,55,"765,934"
Ice Age: The Meltdown,2006,"Animation,Adventure,Comedy",6.8,91,195.33 ,60,"278,310"
Kung Fu Panda 2,2011,"Animation,Action,Adventure",7.2,90,165.25 ,67,"284,471"
Justice League,2017,"Action,Adventure,Fantasy",6.1,120,229.02 ,45,"450,520"
Big Hero 6,2014,"Animation,Action,Adventure",7.8,102,222.53 ,74,"459,347"
Fantastic Beasts: The Crimes of Grindelwald,2018,"Adventure,Family,Fantasy",6.5,134,159.56 ,52,"281,427"
Pirates of the Caribbean: The Curse of the Black Pearl,2003,"Action,Adventure,Fantasy",8.1,143,305.41 ,63,"1,119,228"
Star Wars: Episode II - Attack of the Clones,2002,"Action,Adventure,Fantasy",6.6,142,310.68 ,54,"707,156"
The Hunger Games: Mockingjay - Part 2,2015,"Action,Adventure,Sci-Fi",6.5,137,281.72 ,65,"325,499"
Thor: The Dark World,2013,"Action,Adventure,Fantasy",6.8,112,206.36 ,54,"679,421"
Moana,2016,"Animation,Adventure,Comedy",7.6,107,248.76 ,81,"333,042"
Sing,2016,"Animation,Comedy,Family",7.1,108,270.40 ,59,"169,094"
Kung Fu Panda,2008,"Animation,Action,Adventure",7.6,92,215.43 ,74,"467,487"
The Incredibles,2004,"Animation,Action,Adventure",8,115,261.44 ,90,"731,233"
The Martian,2015,"Adventure,Drama,Sci-Fi",8,144,228.43 ,80,"846,681"
Hancock,2008,"Action,Drama,Fantasy",6.4,92,227.95 ,49,"481,308"
Fast Five,2011,"Action,Crime,Thriller",7.3,130,209.84 ,66,"380,863"
Men in Black 3,2012,"Action,Adventure,Comedy",6.8,106,179.02 ,58,"362,935"
Iron Man 2,2010,"Action,Adventure,Sci-Fi",6.9,124,312.43 ,57,"811,868"
Ratatouille,2007,"Animation,Adventure,Comedy",8.1,111,206.45 ,96,"728,597"
Ant-Man and the Wasp,2018,"Action,Adventure,Comedy",7,118,216.65 ,70,"397,307"
How to Train Your Dragon 2,2014,"Animation,Action,Adventure",7.8,102,177.00 ,77,"334,825"
Logan,2017,"Action,Drama,Sci-Fi",8.1,137,226.28 ,77,"754,661"
The Lost World: Jurassic Park,1997,"Action,Adventure,Sci-Fi",6.5,129,229.09 ,59,"417,508"
Casino Royale,2006,"Action,Adventure,Thriller",8,144,167.45 ,80,"654,957"
The Passion of the Christ,2004,Drama,7.2,127,370.78 ,47,"231,963"
Mamma Mia!,2008,"Comedy,Musical,Romance",6.5,108,144.13 ,51,"245,380"
Life of Pi,2012,"Adventure,Drama,Fantasy",7.9,127,124.99 ,79,"627,590"
Transformers: The Last Knight,2017,"Action,Adventure,Sci-Fi",5.2,154,130.17 ,27,"151,757"
Madagascar: Escape 2 Africa,2008,"Animation,Adventure,Comedy",6.6,89,180.01 ,61,"227,701"
War of the Worlds,2005,"Action,Adventure,Sci-Fi",6.5,116,234.28 ,73,"448,458"
Tangled,2010,"Animation,Adventure,Comedy",7.7,100,200.82 ,71,"450,996"
Quantum of Solace,2008,"Action,Adventure,Thriller",6.6,106,168.37 ,58,"448,087"
Men in Black,1997,"Action,Adventure,Comedy",7.3,98,250.69 ,71,"566,157"
The Croods,2013,"Animation,Adventure,Comedy",7.2,98,187.17 ,55,"214,963"
The Hangover Part II,2011,Comedy,6.4,102,254.46 ,44,"499,126"
Iron Man,2008,"Action,Adventure,Sci-Fi",7.9,126,318.41 ,79,"1,050,497"
I Am Legend,2007,"Action,Drama,Sci-Fi",7.2,101,256.39 ,65,"753,604"
Ready Player One,2018,"Action,Adventure,Sci-Fi",7.4,140,137.69 ,64,"432,747"
"Monsters, Inc.",2001,"Animation,Adventure,Comedy",8.1,92,289.92 ,79,"902,358"
Night at the Museum,2006,"Adventure,Comedy,Family",6.4,108,250.86 ,48,"347,133"
Fifty Shades of Grey,2015,"Drama,Romance,Thriller",4.1,125,166.17 ,46,"320,016"
Kong: Skull Island,2017,"Action,Adventure,Fantasy",6.6,118,168.05 ,62,"318,423"
The Smurfs,2011,"Animation,Adventure,Comedy",5.4,103,142.61 ,30,"90,823"
Cars 2,2011,"Animation,Adventure,Comedy",6.2,106,191.45 ,57,"189,937"
King Kong,2005,"Action,Adventure,Drama",7.2,187,218.08 ,81,"422,691"
Puss in Boots,2011,"Animation,Adventure,Comedy",6.6,90,149.26 ,65,"159,431"
Mei ren yu,2016,"Comedy,Drama,Fantasy",6.2,94,3.23 ,69,"9,374"
Armageddon,1998,"Action,Adventure,Sci-Fi",6.7,151,201.57 ,42,"425,532"
The Day After Tomorrow,2004,"Action,Adventure,Sci-Fi",6.4,124,186.74 ,47,"447,826"
Ted,2012,Comedy,6.9,106,218.82 ,62,"612,897"
American Sniper,2014,"Action,Biography,Drama",7.3,133,350.13 ,72,"486,028"
Mission: Impossible II,2000,"Action,Adventure,Thriller",6.1,123,215.41 ,59,"342,535"
Tang ren jie tan an 2,2018,"Action,Comedy,Mystery",6.1,121,1.98 ,48,"2,693"
X-Men: Apocalypse,2016,"Action,Adventure,Sci-Fi",6.9,144,155.44 ,52,"433,669"
Sherlock Holmes: A Game of Shadows,2011,"Action,Adventure,Mystery",7.4,129,186.85 ,48,"453,910"
Despicable Me,2010,"Animation,Adventure,Comedy",7.6,95,251.51 ,72,"545,549"
Cinderella,2015,"Adventure,Drama,Family",6.9,105,201.15 ,67,"177,525"
Madagascar,2005,"Animation,Adventure,Comedy",6.9,86,193.60 ,57,"402,909"
World War Z,2013,"Action,Adventure,Horror",7,116,202.36 ,63,"662,743"
Brave,2012,"Animation,Adventure,Comedy",7.1,93,237.28 ,69,"410,413"
The Empire Strikes Back,1980,"Action,Adventure,Fantasy",8.7,124,290.48 ,82,"1,280,836"
The Simpsons Movie,2007,"Animation,Adventure,Comedy",7.3,87,183.14 ,80,"330,377"
The Revenant,2015,"Action,Adventure,Drama",8,156,183.64 ,76,"796,927"
The Meg,2018,"Action,Horror,Sci-Fi",5.6,113,143.01 ,46,"171,428"
Ralph Breaks the Internet,2018,"Animation,Adventure,Comedy",7,112,201.09 ,71,"160,624"
Hotel Transylvania 3: Summer Vacation,2018,"Animation,Adventure,Comedy",6.3,97,167.51 ,54,"74,177"
The Boss Baby,2017,"Animation,Adventure,Comedy",6.3,97,175.00 ,50,"126,991"
Dunkirk,2017,"Action,Drama,History",7.8,106,188.37 ,94,"650,998"
Godzilla,2014,"Action,Adventure,Sci-Fi",6.4,123,200.68 ,62,"413,560"
How to Train Your Dragon: The Hidden World,2019,"Animation,Action,Adventure",7.4,104,160.80 ,71,"128,488"
Sherlock Holmes,2009,"Action,Adventure,Mystery",7.6,128,209.03 ,57,"631,723"
Meet the Fockers,2004,"Comedy,Romance",6.3,115,279.26 ,41,"271,402"
WALL·E,2008,"Animation,Adventure,Family",8.4,98,223.81 ,95,"1,106,841"
Kung Fu Panda 3,2016,"Animation,Action,Adventure",7.1,95,143.53 ,66,"158,944"
Terminator 2: Judgment Day,1991,"Action,Sci-Fi",8.6,137,204.84 ,75,"1,089,869"
Ant-Man,2015,"Action,Adventure,Comedy",7.3,117,180.20 ,64,"660,728"
The Grinch,2018,"Animation,Comedy,Family",6.3,85,270.62 ,51,"70,213"
Venom: Let There Be Carnage,2021,"Action,Adventure,Sci-Fi",5.9,97,213.55 ,49,"220,241"
Ghost,1990,"Drama,Fantasy,Romance",7.1,127,217.63 ,52,"217,251"
Aladdin,1992,"Animation,Adventure,Comedy",8,90,217.35 ,86,"416,811"
Rio 2,2014,"Animation,Adventure,Comedy",6.3,101,131.54 ,49,"90,925"
Troy,2004,"Drama,History",7.3,163,133.38 ,56,"533,295"
Toy Story 2,1999,"Animation,Adventure,Comedy",7.9,92,245.85 ,88,"578,177"
How to Train Your Dragon,2010,"Animation,Action,Adventure",8.1,98,217.58 ,75,"735,267"
Twister,1996,"Action,Adventure,Thriller",6.4,113,241.72 ,68,"196,834"
Oz the Great and Powerful,2013,"Adventure,Family,Fantasy",6.3,130,234.91 ,44,"208,389"
Clash of the Titans,2010,"Action,Adventure,Fantasy",5.8,106,163.21 ,39,"282,939"
Maleficent: Mistress of Evil,2019,"Adventure,Family,Fantasy",6.6,119,113.93 ,43,"105,066"
War for the Planet of the Apes,2017,"Action,Adventure,Drama",7.4,140,146.88 ,82,"256,597"
Shrek,2001,"Animation,Adventure,Comedy",7.9,90,267.67 ,84,"672,459"
Mr. & Mrs. Smith,2005,"Action,Comedy,Crime",6.5,120,186.34 ,55,"494,933"
Angels & Demons,2009,"Action,Mystery,Thriller",6.7,138,133.38 ,48,"293,394"
Teenage Mutant Ninja Turtles,2014,"Action,Adventure,Comedy",5.8,101,191.20 ,31,"211,216"
Bruce Almighty,2003,"Comedy,Fantasy",6.8,101,242.83 ,46,"403,001"
Rio,2011,"Animation,Adventure,Comedy",6.9,96,143.62 ,63,"227,834"
Saving Private Ryan,1998,"Drama,War",8.6,169,216.54 ,91,"1,377,916"
Rise of the Planet of the Apes,2011,"Action,Drama,Sci-Fi",7.6,105,176.76 ,68,"527,898"
Home Alone,1990,"Comedy,Family",7.7,103,285.76 ,63,"563,004"
Hotel Transylvania 2,2015,"Animation,Adventure,Comedy",6.6,89,169.70 ,44,"127,713"
Star Wars: Episode VI - Return of the Jedi,1983,"Action,Adventure,Fantasy",8.3,131,309.13 ,58,"1,045,754"
Charlie and the Chocolate Factory,2005,"Adventure,Comedy,Family",6.7,115,206.46 ,72,"478,381"
Indiana Jones and the Last Crusade,1989,"Action,Adventure",8.2,127,197.17 ,65,"750,474"
Jaws,1975,"Adventure,Thriller",8.1,124,260.00 ,87,"602,420"
San Andreas,2015,"Action,Adventure,Thriller",6.1,114,155.19 ,43,"237,412"
It Chapter Two,2019,"Drama,Fantasy,Horror",6.5,169,211.59 ,58,"262,024"
Wreck-It Ralph,2012,"Animation,Adventure,Comedy",7.7,101,189.42 ,72,"421,180"
Godzilla vs. Kong,2021,"Action,Sci-Fi,Thriller",6.3,113,100.92 ,59,"206,514"
The Hangover,2009,Comedy,7.7,100,277.32 ,73,"781,265"
The Lego Movie,2014,"Animation,Action,Adventure",7.7,100,257.76 ,83,"354,346"
Bumblebee,2018,"Action,Adventure,Sci-Fi",6.7,114,127.20 ,66,"164,926"
Star Trek Into Darkness,2013,"Action,Adventure,Sci-Fi",7.7,132,228.78 ,72,"483,380"
The Matrix,1999,"Action,Sci-Fi",8.7,136,171.48 ,73,"1,895,339"
Gladiator,2000,"Action,Adventure,Drama",8.5,155,187.71 ,67,"1,485,912"
Pretty Woman,1990,"Comedy,Romance",7.1,119,178.41 ,51,"324,063"
Cars,2006,"Animation,Adventure,Comedy",7.2,117,244.08 ,73,"419,343"
Ba bai,2020,"Action,Drama,History",6.7,149,0.37 ,64,"5,832"
X-Men: The Last Stand,2006,"Action,Adventure,Sci-Fi",6.6,104,234.36 ,58,"516,297"
National Treasure: Book of Secrets,2007,"Action,Adventure,Mystery",6.5,124,219.96 ,48,"237,913"
Lucy,2014,"Action,Sci-Fi,Thriller",6.4,89,126.66 ,61,"494,639"
Mission: Impossible,1996,"Action,Adventure,Thriller",7.1,110,180.98 ,59,"425,965"
300,2006,"Action,Drama",7.6,117,210.61 ,52,"816,922"
The Last Samurai,2003,"Action,Drama",7.8,154,111.11 ,55,"440,027"
Kimetsu no Yaiba: Mugen Ressha-Hen,2020,"Animation,Action,Adventure",8.2,117,47.70 ,72,"56,907"
Wo bu shi yao shen,2018,"Comedy,Drama",7.8,117,0.01 ,63,"6,479"
Ocean's Eleven,2001,"Crime,Thriller",7.7,116,183.42 ,74,"571,258"
Thor,2011,"Action,Adventure,Fantasy",7,115,181.03 ,57,"844,378"
Pearl Harbor,2001,"Action,Drama,History",6.2,183,198.54 ,44,"332,611"
La La Land,2016,"Comedy,Drama,Music",8,128,151.10 ,94,"581,482"
Tarzan,1999,"Animation,Adventure,Comedy",7.3,88,171.09 ,79,"226,365"
Men in Black II,2002,"Action,Adventure,Comedy",6.1,88,190.42 ,49,"374,914"
The Bourne Ultimatum,2007,"Action,Mystery,Thriller",8,115,227.47 ,85,"633,900"
The Mummy Returns,2001,"Action,Adventure,Fantasy",6.4,130,202.02 ,48,"325,179"
Alvin and the Chipmunks: The Squeakquel,2009,"Animation,Adventure,Comedy",4.5,88,219.61 ,41,"49,552"
Les Misérables,2012,"Drama,Musical,Romance",7.5,158,148.81 ,63,"329,707"
The Exorcist,1973,Horror,8.1,122,232.91 ,81,"403,949"
Mrs. Doubtfire,1993,"Comedy,Drama",7.1,125,219.20 ,53,"268,073"
Terminator Genisys,2015,"Action,Adventure,Sci-Fi",6.3,126,89.76 ,38,"278,084"
Warcraft,2016,"Action,Adventure,Fantasy",6.7,123,47.37 ,32,"263,969"
A Star Is Born,2018,"Drama,Music,Romance",7.6,136,215.29 ,88,"381,604"
The Greatest Showman,2017,"Biography,Drama,Musical",7.5,105,174.34 ,48,"280,057"
Terminator 3: Rise of the Machines,2003,"Action,Sci-Fi",6.3,109,150.37 ,66,"399,649"
Pokémon: Detective Pikachu,2019,"Action,Adventure,Comedy",6.5,104,144.11 ,53,"162,859"
Shang-Chi and the Legend of the Ten Rings,2021,"Action,Adventure,Fantasy",7.4,132,224.54 ,71,"374,342"
Die Another Day,2002,"Action,Adventure,Thriller",6.1,133,160.94 ,56,"219,747"
The Secret Life of Pets 2,2019,"Animation,Adventure,Comedy",6.4,86,158.87 ,55,"62,383"
Cast Away,2000,"Adventure,Drama,Romance",7.8,143,233.63 ,73,"588,627"
Rampage,2018,"Action,Adventure,Sci-Fi",6.1,107,101.03 ,45,"167,913"
The King's Speech,2010,"Biography,Drama,History",8,118,138.80 ,88,"679,043"
The Matrix Revolutions,2003,"Action,Sci-Fi",6.7,129,139.31 ,47,"511,943"
The Intouchables,2011,"Biography,Comedy,Drama",8.5,112,13.18 ,57,"849,817"
Bad Boys for Life,2020,"Action,Comedy,Crime",6.5,124,206.31 ,59,"160,067"
Django Unchained,2012,"Drama,Western",8.4,165,162.81 ,81,"1,534,855"
Beauty and the Beast,1991,"Animation,Family,Fantasy",8,84,218.97 ,95,"453,187"
Dances with Wolves,1990,"Adventure,Drama,Western",8,181,184.21 ,72,"265,130"
The Chronicles of Narnia: Prince Caspian,2008,"Action,Adventure,Family",6.5,150,141.62 ,62,"210,925"
Sex and the City,2008,"Comedy,Drama,Romance",5.7,145,152.65 ,53,"122,626"
The Mummy,1999,"Action,Adventure,Fantasy",7.1,124,155.25 ,48,"428,601"
The Chronicles of Narnia: The Voyage of the Dawn Treader,2010,"Adventure,Family,Fantasy",6.3,113,104.39 ,53,"154,816"
Jason Bourne,2016,"Action,Thriller",6.6,123,162.43 ,58,"227,583"
The Wolverine,2013,"Action,Sci-Fi",6.7,126,132.56 ,61,"465,995"
Kingsman: The Secret Service,2014,"Action,Adventure,Comedy",7.7,129,128.26 ,60,"664,004"
Night at the Museum: Battle of the Smithsonian,2009,"Adventure,Comedy,Family",6,105,177.24 ,42,"196,802"
Batman,1989,"Action,Adventure",7.5,126,251.19 ,69,"376,730"
The Bodyguard,1992,"Action,Drama,Music",6.3,129,121.95 ,39,"134,840"
Pacific Rim,2013,"Action,Adventure,Sci-Fi",6.9,131,101.80 ,65,"500,987"
Kingsman: The Golden Circle,2017,"Action,Adventure,Comedy",6.7,141,100.23 ,44,"326,293"
The Mummy,2017,"Action,Adventure,Fantasy",5.4,111,80.10 ,34,"190,176"
Sing 2,2021,"Animation,Adventure,Comedy",7.4,110,162.79 ,49,"66,528"
Ice Age: Collision Course,2016,"Animation,Adventure,Comedy",5.6,94,64.06 ,34,"67,153"
Twilight,2008,"Drama,Fantasy,Romance",5.3,122,191.47 ,56,"460,735"
Signs,2002,"Drama,Mystery,Sci-Fi",6.8,106,227.97 ,59,"363,169"
X2,2003,"Action,Adventure,Sci-Fi",7.4,134,214.95 ,68,"549,360"
Alita: Battle Angel,2019,"Action,Adventure,Sci-Fi",7.3,122,85.71 ,53,"266,360"
The Mummy: Tomb of the Dragon Emperor,2008,"Action,Adventure,Fantasy",5.2,112,102.49 ,31,"161,456"
Prometheus,2012,"Adventure,Mystery,Sci-Fi",7,124,126.48 ,64,"608,177"
Gone with the Wind,1939,"Drama,Romance,War",8.2,238,198.68 ,97,"314,964"
Mamma Mia! Here We Go Again,2018,"Comedy,Musical,Romance",6.6,114,120.63 ,60,"95,422"
Eternals,2021,"Action,Adventure,Fantasy",6.3,156,164.87 ,52,"335,050"
Dune: Part One,2021,"Action,Adventure,Drama",8,155,108.33 ,74,"618,157"
Tron,2010,"Action,Adventure,Sci-Fi",6.8,125,172.06 ,49,"337,056"
Mission: Impossible III,2006,"Action,Adventure,Thriller",6.9,126,134.03 ,66,"356,861"
Snow White and the Huntsman,2012,"Action,Adventure,Drama",6.1,127,155.33 ,57,"290,046"
Grease,1978,"Comedy,Musical,Romance",7.2,110,188.76 ,70,"276,124"
Toy Story,1995,"Animation,Adventure,Comedy",8.3,81,191.80 ,95,"985,902"
Solo: A Star Wars Story,2018,"Action,Adventure,Sci-Fi",6.9,135,213.77 ,62,"344,300"
The Wolf of Wall Street,2013,"Biography,Comedy,Crime",8.2,180,116.90 ,75,"1,387,132"
Superman Returns,2006,"Action,Adventure,Sci-Fi",6.1,154,200.08 ,72,"283,488"
Robin Hood: Prince of Thieves,1991,"Action,Adventure,Drama",6.9,143,165.50 ,51,"194,169"
Raiders of the Lost Ark,1981,"Action,Adventure",8.4,115,248.16 ,85,"959,488"
Independence Day: Resurgence,2016,"Action,Adventure,Sci-Fi",5.2,120,103.14 ,32,"179,948"
Live Free or Die Hard,2007,"Action,Thriller",7.1,128,134.53 ,69,"406,071"
Zhuo yao ji,2015,"Adventure,Comedy,Fantasy",6.1,117,0.02 ,53,"5,315"
Godzilla: King of the Monsters,2019,"Action,Adventure,Fantasy",6,132,110.50 ,48,"182,174"
Home,2015,"Animation,Adventure,Comedy",6.6,94,177.40 ,55,"103,018"
Star Trek,2009,"Action,Adventure,Sci-Fi",7.9,127,257.73 ,82,"603,062"
1917,2019,"Action,Drama,War",8.2,119,159.23 ,78,"577,650"
Happy Feet,2006,"Animation,Adventure,Comedy",6.4,108,198.00 ,77,"186,413"
Cars 3,2017,"Animation,Adventure,Comedy",6.7,102,152.90 ,59,"100,026"
Back to the Future,1985,"Adventure,Comedy,Sci-Fi",8.5,116,210.61 ,87,"1,190,884"
Ice Age,2002,"Animation,Adventure,Comedy",7.5,81,176.39 ,61,"481,438"
Fifty Shades Darker,2017,"Drama,Romance,Thriller",4.5,118,114.38 ,33,"103,004"
Monsters vs. Aliens,2009,"Animation,Action,Adventure",6.4,94,198.35 ,56,"162,665"
Black Widow,2021,"Action,Adventure,Sci-Fi",6.7,134,183.65 ,67,"371,644"
Godzilla,1998,"Action,Sci-Fi,Thriller",5.4,139,136.31 ,32,"194,147"
True Lies,1994,"Action,Comedy,Thriller",7.3,141,146.28 ,63,"258,633"
Slumdog Millionaire,2008,"Crime,Drama,Romance",8,120,141.32 ,84,"842,587"
Taken 2,2012,"Action,Crime,Thriller",6.2,92,139.85 ,45,"307,350"
G.I. Joe: Retaliation,2013,"Action,Adventure,Sci-Fi",5.7,110,122.52 ,41,"181,977"
Mad Max: Fury Road,2015,"Action,Adventure,Sci-Fi",8.1,120,154.06 ,90,"993,196"
Spider-Man: Into the Spider-Verse,2018,"Animation,Action,Adventure",8.4,117,190.24 ,87,"518,339"
Shark Tale,2004,"Animation,Adventure,Comedy",6,90,160.86 ,48,"183,622"
Once Upon a Time... in Hollywood,2019,"Comedy,Drama",7.6,161,142.50 ,83,"723,753"
What Women Want,2000,"Comedy,Fantasy,Romance",6.4,127,182.81 ,47,"208,508"
The Adventures of Tintin,2011,"Animation,Action,Adventure",7.3,107,77.59 ,68,"231,379"
Batman Begins,2005,"Action,Crime,Drama",8.2,140,206.85 ,70,"1,457,594"
Penguins of Madagascar,2014,"Animation,Adventure,Comedy",6.6,92,83.35 ,53,"91,354"
X-Men Origins: Wolverine,2009,"Action,Sci-Fi",6.5,107,179.88 ,40,"504,234"
The Golden Compass,2007,"Adventure,Family,Fantasy",6.1,113,70.11 ,51,"188,673"
Fifty Shades Freed,2018,"Drama,Romance,Thriller",4.5,105,100.41 ,31,"66,298"
Hitch,2005,"Comedy,Romance",6.6,118,179.50 ,58,"317,894"
Terminator Salvation,2009,"Action,Adventure,Sci-Fi",6.5,115,125.32 ,49,"362,224"
Captain America: The First Avenger,2011,"Action,Adventure,Sci-Fi",6.9,124,176.65 ,66,"839,422"
Edge of Tomorrow,2014,"Action,Adventure,Sci-Fi",7.9,113,100.21 ,71,"673,554"
There's Something About Mary,1998,"Comedy,Romance",7.1,119,176.48 ,69,"311,720"
Gone Girl,2014,"Drama,Mystery,Thriller",8.1,149,167.77 ,79,"974,122"
The Fugitive,1993,"Action,Crime,Drama",7.8,130,183.88 ,87,"294,813"
Jurassic Park III,2001,"Action,Adventure,Sci-Fi",5.9,92,181.17 ,42,"322,559"
My Big Fat Greek Wedding,2002,"Comedy,Drama,Romance",6.6,95,241.44 ,62,"132,928"
Die Hard: With a Vengeance,1995,"Action,Adventure,Thriller",7.6,128,100.01 ,58,"387,025"
Shazam!,2019,"Action,Adventure,Comedy",7,132,140.37 ,71,"331,990"
The Nun,2018,"Horror,Mystery,Thriller",5.3,96,117.45 ,46,"140,749"
Alvin and the Chipmunks,2007,"Animation,Adventure,Comedy",5.2,92,217.33 ,39,"86,222"
Tenet,2020,"Action,Sci-Fi,Thriller",7.3,150,58.46 ,69,"494,126"
Notting Hill,1999,"Comedy,Drama,Romance",7.2,124,116.09 ,68,"310,305"
A Bug's Life,1998,"Animation,Adventure,Comedy",7.2,95,162.80 ,77,"292,638"
Night at the Museum: Secret of the Tomb,2014,"Adventure,Comedy,Family",6.2,98,113.75 ,47,"122,737"
Ocean's Twelve,2004,"Crime,Thriller",6.5,125,125.54 ,58,"389,868"
Planet of the Apes,2001,"Action,Adventure,Sci-Fi",5.7,119,180.01 ,50,"220,348"
The Hangover Part III,2013,"Comedy,Crime",5.8,100,112.20 ,30,"314,965"
The World Is Not Enough,1999,"Action,Adventure,Thriller",6.4,128,126.94 ,57,"201,317"
Zhuo yao ji 2,2018,"Adventure,Comedy,Fantasy",5.4,110,0.71 ,63,"1,777"
Fast & Furious,2009,"Action,Crime,Thriller",6.5,107,155.06 ,46,"287,198"
Noah,2014,"Action,Adventure,Drama",5.8,138,101.20 ,68,"255,465"
The Karate Kid,2010,"Action,Drama,Family",6.2,140,176.59 ,61,"183,996"
Home Alone 2: Lost in New York,1992,"Adventure,Comedy,Crime",6.8,120,173.59 ,46,"352,040"
Hotel Transylvania,2012,"Animation,Adventure,Comedy",7,91,148.31 ,47,"255,194"
Minority Report,2002,"Action,Crime,Mystery",7.7,145,132.07 ,80,"549,888"
Kimi no na wa.,2016,"Animation,Drama,Fantasy",8.4,106,5.02 ,79,"264,127"
Top Gun,1986,"Action,Drama",6.9,110,179.80 ,50,"430,656"
The Legend of Tarzan,2016,"Action,Adventure,Drama",6.2,110,126.64 ,44,"177,341"
American Beauty,1999,Drama,8.4,122,130.10 ,84,"1,148,186"
Sen to Chihiro no kamikakushi,2001,"Animation,Adventure,Family",8.6,125,10.06 ,96,"753,968"
Apollo 13,1995,"Adventure,Drama,History",7.7,140,173.84 ,77,"294,911"
Rain Man,1988,Drama,8,133,178.80 ,65,"512,762"
The Great Gatsby,2013,"Drama,Romance",7.2,143,144.84 ,55,"541,556"
Dumbo,2019,"Adventure,Family,Fantasy",6.3,112,114.77 ,51,"76,096"
"I, Robot",2004,"Action,Mystery,Sci-Fi",7.1,115,144.80 ,59,"538,880"
Basic Instinct,1992,"Drama,Mystery,Thriller",7,127,117.73 ,41,"200,383"
Murder on the Orient Express,2017,"Crime,Drama,Mystery",6.5,114,102.83 ,52,"256,936"
X: First Class,2011,"Action,Adventure,Sci-Fi",7.7,131,146.41 ,65,"690,853"
Angry Birds,2016,"Animation,Action,Adventure",6.3,97,107.51 ,43,"93,189"
GoldenEye,1995,"Action,Adventure,Thriller",7.2,130,106.60 ,65,"257,479"
Catch Me If You Can,2002,"Biography,Crime,Drama",8.1,141,164.62 ,75,"969,691"
Now You See Me,2013,"Crime,Mystery,Thriller",7.2,115,117.72 ,50,"656,647"
Hannibal,2001,"Crime,Drama,Thriller",6.8,131,165.09 ,57,"275,159"
The Mask,1994,"Action,Comedy,Crime",6.9,101,119.94 ,56,"384,946"
Peter Rabbit,2018,"Adventure,Comedy,Crime",6.6,95,115.25 ,51,"43,258"
Speed,1994,"Action,Adventure,Thriller",7.3,116,121.25 ,78,"363,407"
Dinosaur,2000,"Animation,Adventure,Drama",6.4,82,137.75 ,56,"61,274"
Mary Poppins Returns,2018,"Animation,Adventure,Comedy",6.7,130,171.96 ,66,"88,275"
Deep Impact,1998,"Action,Drama,Sci-Fi",6.2,120,140.46 ,40,"179,125"
The Lorax,2012,"Animation,Adventure,Comedy",6.4,86,214.03 ,46,"113,547"
The Maze Runner,2014,"Action,Mystery,Sci-Fi",6.8,113,102.43 ,57,"465,068"
The Smurfs 2,2013,"Animation,Adventure,Comedy",5.3,105,71.02 ,34,"42,457"
National Treasure,2004,"Action,Adventure,Mystery",6.9,131,173.01 ,39,"332,482"
Rush Hour 2,2001,"Action,Comedy,Crime",6.6,90,226.16 ,48,"220,002"
Trolls,2016,"Animation,Adventure,Comedy",6.4,92,153.71 ,55,"82,121"
xXx: Return of Xander Cage,2017,"Action,Adventure,Thriller",5.2,107,44.90 ,42,"92,468"
Pocahontas,1995,"Animation,Adventure,Drama",6.7,81,141.60 ,58,"187,513"
How the Grinch Stole Christmas,2000,"Comedy,Family,Fantasy",6.2,104,260.04 ,46,"245,026"
Star Trek Beyond,2016,"Action,Adventure,Sci-Fi",7,122,158.85 ,68,"246,473"
Alvin and the Chipmunks: Chipwrecked,2011,"Animation,Adventure,Comedy",4.3,87,133.11 ,24,"35,773"
Wanted,2008,"Action,Crime,Thriller",6.7,110,134.51 ,64,"389,301"
The Flintstones,1994,"Comedy,Family,Fantasy",4.9,91,130.51 ,38,"81,670"
A Quiet Place,2018,"Drama,Horror,Sci-Fi",7.5,90,188.02 ,82,"522,995"
Enchanted,2007,"Animation,Adventure,Comedy",7.1,107,127.81 ,75,"199,265"
Over the Hedge,2006,"Animation,Adventure,Comedy",6.7,83,155.02 ,67,"175,604"
300: Rise of an Empire,2014,"Action,Drama",6.2,102,106.58 ,48,"301,454"
Batman Forever,1995,"Action,Adventure",5.4,121,184.03 ,51,"253,427"
Prince of Persia: The Sands of Time,2010,"Action,Adventure,Fantasy",6.6,116,90.76 ,50,"290,140"
The Curious Case of Benjamin Button,2008,"Drama,Fantasy,Romance",7.8,166,127.51 ,70,"647,546"
Journey 2: The Mysterious Island,2012,"Action,Adventure,Comedy",5.7,94,103.86 ,41,"104,779"
The Rock,1996,"Action,Adventure,Thriller",7.4,136,134.07 ,58,"338,124"
The Great Wall,2016,"Action,Adventure,Fantasy",5.9,103,45.54 ,42,"136,347"
Now You See Me 2,2016,"Action,Adventure,Comedy",6.4,129,65.08 ,46,"288,770"
Fantastic Four,2005,"Action,Adventure,Fantasy",5.7,106,154.70 ,40,"330,331"
Indiana Jones and the Temple of Doom,1984,"Action,Adventure",7.5,118,179.87 ,57,"486,281"
Tomorrow Never Dies,1997,"Action,Adventure,Thriller",6.5,119,125.33 ,52,"195,105"
Back to the Future Part II,1989,"Adventure,Comedy,Sci-Fi",7.8,108,118.50 ,57,"529,620"
The Good Dinosaur,2015,"Animation,Adventure,Comedy",6.7,93,123.09 ,66,"116,115"
Free Guy,2021,"Action,Adventure,Comedy",7.1,115,121.63 ,62,"362,859"
22 Jump Street,2014,"Action,Comedy,Crime",7,112,191.72 ,71,"376,664"
Meet the Parents,2000,"Comedy,Romance",7,108,166.24 ,73,"335,066"
Who Framed Roger Rabbit,1988,"Animation,Adventure,Comedy",7.7,104,156.45 ,83,"201,427"
Black Swan,2010,"Drama,Thriller",8,108,106.95 ,79,"761,933"
The Perfect Storm,2000,"Action,Adventure,Drama",6.4,130,182.62 ,59,"168,607"
Crocodile Dundee,1986,"Action,Adventure,Comedy",6.6,97,174.64 ,62,"105,852"
Se7en,1995,"Crime,Drama,Mystery",8.6,127,100.13 ,65,"1,632,302"
John Wick: Chapter 3 - Parabellum,2019,"Action,Crime,Thriller",7.4,130,171.02 ,73,"339,342"
The Devil Wears Prada,2006,"Comedy,Drama",6.9,109,124.74 ,62,"418,066"
Taken 3,2014,"Action,Crime,Thriller",6,108,89.26 ,26,"193,097"
The Hunchback of Notre Dame,1996,"Animation,Drama,Family",7,91,100.14 ,74,"157,987"
A Christmas Carol,2009,"Animation,Adventure,Comedy",6.8,96,137.86 ,55,"115,451"
The SpongeBob Movie: Sponge Out of Water,2015,"Animation,Adventure,Comedy",6,92,162.99 ,62,"55,845"
Schindler's List,1993,"Biography,Drama,History",9,195,96.90 ,94,"1,343,317"
Megamind,2010,"Animation,Action,Comedy",7.3,95,148.42 ,63,"260,991"
The Conjuring 2,2016,"Horror,Mystery,Thriller",7.3,134,102.47 ,65,"269,246"
Green Book,2018,"Biography,Comedy,Drama",8.2,130,85.08 ,69,"483,838"
Lethal Weapon 3,1992,"Action,Crime,Thriller",6.7,118,144.73 ,40,"168,977"
Robin Hood,2010,"Action,Adventure,Drama",6.6,140,105.27 ,53,"269,547"
Inglourious Basterds,2009,"Adventure,Drama,War",8.3,153,120.54 ,69,"1,431,553"
101 Dalmatians,1996,"Adventure,Comedy,Crime",5.7,103,136.19 ,49,"111,625"
The Conjuring,2013,"Horror,Mystery,Thriller",7.5,112,137.40 ,68,"504,495"
Fatal Attraction,1987,"Drama,Thriller",6.9,119,156.65 ,67,"87,159"
Sonic the Hedgehog,2020,"Action,Adventure,Comedy",6.5,99,148.97 ,47,"138,657"
The Last Airbender,2010,"Action,Adventure,Family",4,103,131.56 ,20,"164,006"
The Proposal,2009,"Comedy,Drama,Romance",6.7,108,163.96 ,48,"327,779"
A Beautiful Mind,2001,"Biography,Drama",8.2,135,170.74 ,72,"927,229"
Beverly Hills Cop,1984,"Action,Comedy,Crime",7.3,105,234.76 ,66,"184,195"
The Polar Express,2004,"Animation,Adventure,Comedy",6.6,100,183.37 ,61,"206,563"
Air Force One,1997,"Action,Drama,Thriller",6.5,124,172.96 ,61,"196,674"
The Expendables 2,2012,"Action,Adventure,Thriller",6.6,103,85.02 ,51,"307,649"
Chicken Little,2005,"Animation,Adventure,Comedy",5.7,81,135.39 ,48,"93,304"
As Good as It Gets,1997,"Comedy,Drama,Romance",7.7,139,148.48 ,67,"298,604"
Maze Runner: The Scorch Trials,2015,"Action,Adventure,Sci-Fi",6.3,131,81.70 ,43,"250,276"
Resident Evil: The Final Chapter,2016,"Action,Horror,Sci-Fi",5.5,107,26.83 ,49,"94,579"
The Lego Batman Movie,2017,"Animation,Action,Adventure",7.3,104,175.75 ,75,"151,600"
Austin Powers: The Spy Who Shagged Me,1999,"Action,Adventure,Comedy",6.6,95,206.04 ,59,"234,000"
Knives Out,2019,"Comedy,Crime,Drama",7.9,130,165.36 ,82,"615,567"
Ocean's Thirteen,2007,"Crime,Thriller",6.9,122,117.15 ,62,"346,822"
Little Fockers,2010,"Comedy,Romance",5.5,98,148.38 ,27,"113,255"
Bolt,2008,"Animation,Adventure,Comedy",6.8,96,114.05 ,67,"211,167"
Ransom,1996,"Action,Crime,Thriller",6.7,121,136.49 ,60,"128,875"
Runaway Bride,1999,"Comedy,Romance",5.6,116,152.26 ,39,"99,145"
The Blind Side,2009,"Biography,Drama,Sport",7.6,129,255.96 ,53,"331,405"
The Fault in Our Stars,2014,"Drama,Romance",7.7,126,124.87 ,69,"376,156"
The Pursuit of Happyness,2006,"Biography,Drama",8,117,163.57 ,64,"508,647"
Rise of the Guardians,2012,"Animation,Action,Adventure",7.2,97,103.41 ,58,"175,301"
Close Encounters of the Third Kind,1977,"Drama,Sci-Fi",7.6,138,132.09 ,90,"202,076"
Chicago,2002,"Comedy,Crime,Musical",7.2,113,170.69 ,81,"230,581"
Annabelle: Creation,2017,"Horror,Mystery,Thriller",6.5,109,102.09 ,62,"134,439"
Wonder,2017,"Drama,Family",7.9,113,132.42 ,66,"164,180"
Skyscraper,2018,"Action,Adventure,Thriller",5.8,102,68.42 ,51,"122,609"
A Good Day to Die Hard,2013,"Action,Thriller",5.2,98,67.35 ,28,"207,598"
Mulan,1998,"Animation,Adventure,Comedy",7.6,88,120.62 ,71,"287,151"
Passengers,2016,"Drama,Romance,Sci-Fi",7,116,100.01 ,41,"403,041"
Battleship,2012,"Action,Adventure,Sci-Fi",5.8,131,65.42 ,41,"248,603"
Liar Liar,1997,"Comedy,Fantasy",6.9,86,181.41 ,70,"308,906"
G.I. Joe: The Rise of Cobra,2009,"Action,Adventure,Sci-Fi",5.7,118,152.27 ,32,"209,106"
Wrath of the Titans,2012,"Action,Adventure,Fantasy",5.7,99,83.67 ,37,"189,683"
4: Rise of the Silver Surfer,2007,"Action,Adventure,Fantasy",5.6,92,131.92 ,45,"266,221"
Hook,1991,"Adventure,Comedy,Family",6.8,142,119.65 ,52,"254,358"
Superman,1978,"Action,Adventure,Sci-Fi",7.4,143,134.22 ,81,"175,192"
Rocky IV,1985,"Drama,Sport",6.8,91,127.87 ,40,"205,435"
Rambo: First Blood Part II,1985,"Action,Adventure,Thriller",6.5,96,150.42 ,47,"169,431"
Resident Evil: Afterlife,2010,"Action,Horror,Sci-Fi",5.8,96,60.13 ,37,"172,283"
Van Helsing,2004,"Action,Adventure,Fantasy",6,131,120.18 ,35,"266,768"
Stuart Little,1999,"Adventure,Comedy,Family",6,84,140.04 ,61,"135,978"
Beverly Hills Cop II,1987,"Action,Comedy,Crime",6.5,100,153.67 ,48,"120,332"
Alice Through the Looking Glass,2016,"Adventure,Family,Fantasy",6.2,113,77.04 ,34,"109,186"
My Best Friend's Wedding,1997,"Comedy,Drama,Romance",6.3,105,127.12 ,50,"143,189"
Real Steel,2011,"Action,Drama,Sci-Fi",7,127,85.47 ,56,"328,702"
Horton Hears a Who!,2008,"Animation,Adventure,Comedy",6.8,86,154.53 ,71,"141,085"
Ocean's Eight,2018,"Action,Comedy,Crime",6.3,110,140.22 ,61,"218,534"
A Quiet Place Part II,2020,"Drama,Horror,Sci-Fi",7.2,97,160.07 ,71,"223,480"
Insurgent,2015,"Action,Adventure,Sci-Fi",6.2,119,130.18 ,42,"238,065"
Look Who's Talking,1989,Comedy,5.9,93,140.09 ,51,"82,968"
Austin Powers in Goldmember,2002,"Action,Adventure,Comedy",6.2,94,213.31 ,62,"210,682"
Ghostbusters,1984,"Action,Comedy,Fantasy",7.8,105,238.63 ,71,"412,928"
Miss Peregrine's Home for Peculiar Children,2016,"Adventure,Drama,Family",6.7,127,87.24 ,57,"172,848"
X-Men,2000,"Action,Adventure,Sci-Fi",7.3,104,157.30 ,64,"614,160"
Ferdinand,2017,"Animation,Adventure,Comedy",6.7,108,84.41 ,58,"57,639"
Shutter Island,2010,"Mystery,Thriller",8.2,138,128.01 ,63,"1,296,006"
Doctor Dolittle,1998,"Comedy,Family,Fantasy",5.4,85,144.16 ,46,"97,557"
Bee Movie,2007,"Animation,Adventure,Comedy",6.1,91,126.63 ,54,"162,611"
Salt,2010,"Action,Thriller",6.4,100,118.31 ,65,"314,928"
G-Force,2009,"Animation,Action,Adventure",5.1,88,119.44 ,41,"46,938"
The Departed,2006,"Crime,Drama,Thriller",8.5,151,132.38 ,85,"1,313,456"
What Lies Beneath,2000,"Drama,Horror,Mystery",6.6,130,155.46 ,51,"127,055"
Pacific Rim: Uprising,2018,"Action,Adventure,Fantasy",5.6,111,59.87 ,44,"117,714"
The Bourne Supremacy,2004,"Action,Mystery,Thriller",7.7,108,176.24 ,73,"463,217"
Sex and the City 2,2010,"Comedy,Drama,Romance",4.5,146,95.35 ,27,"80,235"
Shakespeare in Love,1998,"Comedy,Drama,History",7.1,123,100.32 ,87,"225,403"
Divergent,2014,"Action,Adventure,Mystery",6.6,139,150.95 ,48,"459,513"
Coming to America,1988,"Comedy,Romance",7.1,117,128.15 ,47,"208,012"
Wedding Crashers,2005,"Comedy,Romance",7,119,209.22 ,64,"355,945"
Bridesmaids,2011,"Comedy,Romance",6.8,125,169.11 ,75,"292,230"
Maze Runner: The Death Cure,2018,"Action,Adventure,Sci-Fi",6.2,143,58.03 ,50,"139,779"
Casper,1995,"Comedy,Family,Fantasy",6.1,100,100.33 ,49,"134,656"
American Pie 2,2001,Comedy,6.4,108,145.10 ,43,"256,365"
Pitch Perfect 2,2015,"Comedy,Music",6.4,115,184.30 ,63,"157,663"
The Green Mile,1999,"Crime,Drama,Fantasy",8.6,189,136.80 ,61,"1,287,659"
Oblivion,2013,"Action,Adventure,Sci-Fi",7,124,89.02 ,54,"523,275"
Elysium,2013,"Action,Drama,Sci-Fi",6.6,109,93.05 ,61,"447,585"
Lethal Weapon 4,1998,"Action,Crime,Thriller",6.6,127,130.44 ,37,"163,828"
John Carter,2012,"Action,Adventure,Sci-Fi",6.6,132,73.08 ,51,"273,135"
Turbo,2013,"Animation,Adventure,Comedy",6.4,96,83.03 ,58,"98,006"
Paddington,2014,"Adventure,Comedy,Family",7.3,95,76.27 ,77,"116,693"
Bridget Jones's Diary,2001,"Comedy,Drama,Romance",6.7,97,71.54 ,66,"244,375"
The Tourist,2010,"Action,Thriller",6,103,67.63 ,37,"243,761"
Split,X2016,"Horror,Thriller",7.3,117,138.29 ,62,"492,904"
Scary Movie,2000,Comedy,6.2,88,157.02 ,48,"261,175"
xXx,2002,"Action,Adventure,Thriller",5.8,124,142.11 ,48,"180,412"
The Bourne Legacy,2012,"Action,Adventure,Thriller",6.6,135,113.20 ,61,"302,627"
Mr. Peabody & Sherman,2014,"Animation,Adventure,Comedy",6.8,92,111.51 ,59,"70,857"
Scooby-Doo,2002,"Adventure,Comedy,Family",5.2,89,153.29 ,35,"113,526"
Lincoln,2012,"Biography,Drama,History",7.3,150,182.21 ,86,"260,834"
Lara Croft: Tomb Raider,2001,"Action,Adventure,Fantasy",5.7,100,131.14 ,33,"209,775"
Tomb Raider,2018,"Action,Adventure,Fantasy",6.3,119,58.25 ,48,"214,377"
The Expendables,2010,"Action,Adventure,Thriller",6.4,103,103.07 ,45,"345,745"
Cloudy with a Chance of Meatballs 2,2013,"Animation,Adventure,Comedy",6.3,95,119.79 ,59,"103,707"
The Nutty Professor,1996,"Comedy,Romance,Sci-Fi",5.7,95,128.81 ,62,"117,590"
Jerry Maguire,1996,"Comedy,Drama,Romance",7.3,139,153.95 ,77,"266,680"
Bad Boys II,2003,"Action,Comedy,Crime",6.6,147,138.61 ,38,"251,049"
Lilo & Stitch,2002,"Animation,Adventure,Comedy",7.3,85,145.79 ,73,"190,832"
The Silence of the Lambs,1991,"Crime,Drama,Thriller",8.6,118,130.74 ,85,"1,417,393"
Grown Ups,2010,Comedy,5.9,102,162.00 ,30,"252,573"
Neighbors,2014,Comedy,6.3,97,150.16 ,68,"310,752"
The Firm,1993,"Drama,Mystery,Thriller",6.8,154,158.35 ,58,"135,417"
We're the Millers,2013,"Comedy,Crime",7,110,150.39 ,44,"448,471"
Gran Torino,2008,Drama,8.1,116,148.10 ,72,"772,591"
"10,000 BC",2008,"Action,Adventure,Drama",5.1,109,94.78 ,34,"131,624"
American Gangster,2007,"Biography,Crime,Drama",7.8,157,130.16 ,76,"425,928"
Epic,2013,"Animation,Action,Adventure",6.6,102,107.52 ,52,"105,754"
Exodus: Gods and Kings,2014,"Action,Adventure,Drama",6,150,65.01 ,52,"169,312"
Bambi,1942,"Animation,Adventure,Drama",7.3,69,102.80 ,91,"143,403"
The Princess and the Frog,2009,"Animation,Adventure,Comedy",7.1,97,104.40 ,73,"145,087"
Batman Returns,1992,"Action,Crime,Fantasy",7.1,126,162.83 ,68,"304,870"
Indecent Proposal,1993,"Drama,Romance",6,117,106.61 ,35,"71,950"
Something's Gotta Give,2003,"Comedy,Drama,Romance",6.7,128,124.73 ,66,"122,541"
Bridget Jones: The Edge of Reason,2004,"Comedy,Drama,Romance",6,108,40.23 ,44,"114,485"
The Incredible Hulk,2008,"Action,Adventure,Sci-Fi",6.6,112,134.52 ,61,"490,726"
Waterworld,1995,"Action,Adventure,Sci-Fi",6.2,135,88.25 ,56,"196,867"
The Truman Show,1998,"Comedy,Drama",8.2,103,125.62 ,90,"1,067,682"
Charlie's Angels,2000,"Action,Adventure,Comedy",5.6,98,125.31 ,52,"187,745"
The Fifth Element,1997,"Action,Adventure,Sci-Fi",7.6,126,63.54 ,52,"472,447"
Gisaengchung,2019,"Drama,Thriller",8.5,132,53.37 ,96,"783,071"
Jumanji,1995,"Adventure,Comedy,Family",7,104,100.48 ,39,"344,655"
Borat: Cultural Learnings of America for Make Benefit Glorious Nation of Kazakhstan,2006,Comedy,7.3,84,128.51 ,89,"408,397"
Robots,2005,"Animation,Adventure,Comedy",6.4,91,128.20 ,64,"147,947"
Knight and Day,2010,"Action,Adventure,Comedy",6.3,109,76.42 ,46,"196,876"
Total Recall,1990,"Action,Adventure,Sci-Fi",7.5,113,119.39 ,57,"330,462"
This Is It,2009,"Documentary,Drama,Music",7.2,111,72.09 ,67,"40,625"
Terminator: Dark Fate,2019,"Action,Adventure,Sci-Fi",6.2,128,62.25 ,54,"177,281"
The Lone Ranger,2013,"Action,Adventure,Western",6.4,150,89.30 ,37,"235,219"
Super 8,2011,"Action,Mystery,Sci-Fi",7,112,127.00 ,72,"354,633"
Xun long jue,2015,"Action,Adventure,Drama",5.9,127,1.24 ,48,"3,992"
Blade Runner 2049,2017,"Action,Drama,Mystery",8,164,92.05 ,81,"563,289"
Charlie's Angels: Full Throttle,2003,"Action,Adventure,Comedy",4.9,106,100.83 ,48,"128,314"
Rush Hour 3,2007,"Action,Comedy,Crime",6.2,91,140.13 ,44,"168,713"
The Full Monty,1997,"Comedy,Drama",7.2,91,45.95 ,75,"106,869"
Gong fu yu jia,2017,"Action,Adventure,Comedy",5.1,107,0.36 ,50,"10,441"
Annabelle,2014,"Horror,Mystery,Thriller",5.4,99,84.27 ,37,"159,474"
Encanto,2021,"Animation,Comedy,Family",7.2,102,96.09 ,75,"215,996"
The Village,2004,"Drama,Mystery,Thriller",6.6,108,114.20 ,44,"261,770"
Erin Brockovich,2000,"Biography,Drama",7.4,131,125.60 ,73,"198,063"
Get Out,2017,"Horror,Mystery,Thriller",7.7,104,176.04 ,85,"598,580"
Marley & Me,2008,"Comedy,Drama,Family",7,111,143.15 ,53,"158,913"
Halloween,2018,"Crime,Horror,Thriller",6.5,106,159.34 ,67,"151,270"
Us,2019,"Horror,Mystery,Thriller",6.8,116,175.08 ,81,"294,642"
Cliffhanger,1993,"Action,Adventure,Thriller",6.5,113,84.05 ,60,"130,555"
Babe,1995,"Comedy,Drama,Family",6.9,91,66.60 ,83,"125,993"
Men in Black: International,2019,"Action,Adventure,Comedy",5.6,114,80.00 ,38,"134,497"
Wild Hogs,2007,"Action,Adventure,Comedy",5.8,100,168.27 ,27,"119,295"
High School Musical 3: Senior Year,2008,"Comedy,Drama,Family",4.9,112,90.56 ,57,"63,173"
Hercules,1997,"Animation,Adventure,Comedy",7.3,93,99.05 ,74,"231,152"
Dark Phoenix,2019,"Action,Adventure,Sci-Fi",5.7,113,65.85 ,43,"186,645"
True Grit,2010,"Drama,Western",7.6,110,171.24 ,80,"338,844"
Dolittle,2020,"Adventure,Comedy,Family",5.6,101,77.05 ,26,"64,710"
Bean,1997,"Adventure,Comedy,Family",6.5,89,45.32 ,52,"105,606"
American Hustle,2013,"Crime,Drama",7.2,138,150.12 ,90,"478,163"
Enemy of the State,1998,"Action,Thriller",7.3,132,111.55 ,67,"244,745"
You've Got Mail,1998,"Comedy,Drama,Romance",6.7,119,115.82 ,57,"214,320"
Eragon,2006,"Action,Adventure,Family",5.1,104,75.03 ,38,"126,892"
Brother Bear,2003,"Animation,Adventure,Comedy",6.8,85,85.34 ,48,"111,233"
The Godfather,1972,"Crime,Drama",9.2,175,134.97 ,100,"1,837,508"
The Mask of Zorro,1998,"Action,Adventure,Comedy",6.8,136,94.10 ,63,"184,739"
The Ring,2002,"Horror,Mystery",7.1,115,129.13 ,57,"349,196"
The Blair Witch Project,1999,"Horror,Mystery",6.5,81,140.54 ,81,"260,578"
Unbreakable,2000,"Drama,Mystery,Sci-Fi",7.3,106,95.01 ,62,"417,360"
Journey to the West: Demon Chapter,2017,"Adventure,Comedy,Family",5.4,109,0.88 ,59,"3,223"
Dumb and Dumber,1994,Comedy,7.3,107,127.18 ,41,"384,683"
Glass,2019,"Drama,Horror,Sci-Fi",6.6,129,111.05 ,43,"242,398"
Grown Ups 2,2013,Comedy,5.3,101,133.67 ,19,"155,190"
The Peanuts Movie,2015,"Animation,Adventure,Comedy",7,88,130.18 ,67,"46,367"
Rango,2011,"Animation,Action,Adventure",7.2,107,123.48 ,75,"265,169"
Four Weddings and a Funeral,1994,"Comedy,Drama,Romance",7.1,117,52.70 ,81,"153,235"
Face/Off,1997,"Action,Crime,Sci-Fi",7.3,138,112.23 ,82,"377,112"
Teenage Mutant Ninja Turtles: Out of the Shadows,2016,"Action,Adventure,Comedy",5.9,112,82.05 ,40,"93,519"
Dark Shadows,2012,"Comedy,Fantasy,Horror",6.2,113,79.73 ,55,"267,793"
Hulk,2003,"Action,Sci-Fi",5.6,138,132.18 ,54,"268,427"
Love Actually,2003,"Comedy,Drama,Romance",7.6,135,59.70 ,55,"479,093"
Back to the Future Part III,1990,"Adventure,Comedy,Sci-Fi",7.4,118,87.73 ,55,"444,848"
Pixels,2015,"Action,Comedy,Fantasy",5.6,105,78.75 ,27,"145,080"
Hercules,2014,"Action,Adventure,Fantasy",6,98,72.69 ,47,"156,568"
Rush Hour,1998,"Action,Comedy,Crime",7,98,141.15 ,60,"268,029"
Journey to the Center of the Earth,2008,"Action,Adventure,Family",5.8,93,101.70 ,57,"123,377"
After Earth,2013,"Action,Adventure,Sci-Fi",4.8,100,60.52 ,33,"201,604"
A Few Good Men,1992,"Drama,Thriller",7.7,138,141.34 ,62,"264,137"
Cloudy with a Chance of Meatballs,2009,"Animation,Adventure,Comedy",6.9,90,124.87 ,66,"232,801"
8 Mile,2002,"Drama,Music",7.2,110,116.72 ,77,"288,870"
Daddy's Home,2015,"Comedy,Family",6.1,96,150.36 ,42,"120,075"
RoboCop,2014,"Action,Crime,Sci-Fi",6.2,117,58.61 ,52,"228,750"
Eraser,1996,"Action,Crime,Thriller",6.2,115,101.30 ,56,"112,248"
Alien: Covenant,2017,"Horror,Sci-Fi,Thriller",6.4,122,74.26 ,65,"281,193"
Sully,2016,"Biography,Drama",7.4,96,125.07 ,74,"271,982"
Assassin's Creed,2016,"Action,Adventure,Sci-Fi",5.6,115,54.65 ,36,"199,443"
Click,2006,"Comedy,Drama,Fantasy",6.4,107,137.36 ,45,"331,476"
Resident Evil: Retribution,2012,"Action,Horror,Sci-Fi",5.3,95,42.35 ,39,"143,230"
Die Hard 2,1990,"Action,Thriller",7.1,124,117.54 ,67,"361,348"
Crocodile Dundee II,1988,"Action,Adventure,Comedy",5.7,108,109.31 ,41,"57,738"
Planes,2013,"Animation,Adventure,Comedy",5.7,91,90.29 ,39,"45,618"
Crazy Rich Asians,2018,"Comedy,Drama,Romance",6.9,120,174.53 ,74,"172,141"
Batman & Robin,1997,"Action,Sci-Fi",3.7,125,107.33 ,28,"253,905"
Gulliver's Travels,2010,"Adventure,Comedy,Family",4.9,85,42.78 ,33,"70,008"
Gone in Sixty Seconds,2000,"Action,Crime,Thriller",6.5,118,101.65 ,35,"279,039"
Saturday Night Fever,1977,"Drama,Music",6.8,118,94.21 ,77,"80,515"
Silver Linings Playbook,2012,"Comedy,Drama,Romance",7.7,122,132.09 ,81,"707,140"
2 Fast 2 Furious,2003,"Action,Adventure,Crime",5.9,107,127.15 ,38,"274,150"
Hauru no ugoku shiro,2004,"Animation,Adventure,Family",8.2,119,4.71 ,80,"391,972"
Hidden Figures,2016,"Biography,Drama,History",7.8,127,169.61 ,74,"228,994"
A.I. Artificial Intelligence,2001,"Drama,Sci-Fi",7.2,146,78.62 ,65,"307,919"
Dead Poets Society,1989,"Comedy,Drama",8.1,128,95.86 ,79,"486,476"
Spy,2015,"Action,Comedy",7,120,110.83 ,75,"245,477"
American Pie,1999,Comedy,7,95,102.56 ,58,"406,463"
American Reunion,2012,Comedy,6.7,113,57.01 ,49,"214,905"
Big Daddy,1999,"Comedy,Drama",6.4,93,163.48 ,41,"217,887"
Alvin and the Chipmunks: The Road Chip,2015,"Animation,Adventure,Comedy",4.9,92,85.89 ,33,"19,973"
The Imitation Game,2014,"Biography,Drama,Thriller",8,114,91.13 ,71,"764,115"
Cruella,2021,"Adventure,Comedy,Crime",7.3,134,86.10 ,59,"231,138"
The Day the Earth Stood Still,2008,"Adventure,Drama,Sci-Fi",5.5,104,79.37 ,40,"171,254"
American Wedding,2003,Comedy,6.3,96,104.57 ,43,"206,883"
The Girl with the Dragon Tattoo,2011,"Crime,Drama,Mystery",7.8,158,102.52 ,71,"462,302"
Juno,2007,"Comedy,Drama",7.5,96,143.50 ,81,"521,898"
Argo,2012,"Biography,Drama,Thriller",7.7,120,136.03 ,86,"613,402"
Mr. Bean's Holiday,2007,"Comedy,Family",6.4,90,33.30 ,56,"126,641"
The English Patient,1996,"Drama,Romance,War",7.4,162,78.65 ,87,"190,524"
Sister Act,1992,"Comedy,Family,Music",6.5,100,139.61 ,51,"99,469"
Annabelle Comes Home,2019,"Horror,Mystery,Thriller",5.9,106,74.15 ,53,"75,656"
Constantine,2005,"Action,Fantasy,Horror",7,121,75.98 ,50,"345,895"
Get Smart,2008,"Action,Adventure,Comedy",6.5,110,130.32 ,54,"218,695"
Space Jam,1996,"Animation,Adventure,Comedy",6.5,88,90.46 ,59,"197,989"
La vita è bella,1997,"Comedy,Drama,Romance",8.6,116,57.60 ,59,"689,557"
The Heat,2013,"Action,Comedy,Crime",6.6,117,159.58 ,60,"172,940"
Ghostbusters,2016,"Action,Comedy,Fantasy",6.9,117,128.34 ,60,"231,550"
Ghost Rider,2007,"Action,Fantasy,Thriller",5.2,110,115.80 ,35,"239,770"
Paddington 2,2017,"Adventure,Comedy,Family",7.8,103,40.44 ,88,"78,529"
Sleepless in Seattle,1993,"Comedy,Drama,Romance",6.8,105,126.53 ,72,"176,528"
Lethal Weapon 2,1989,"Action,Crime,Thriller",7.2,114,147.25 ,70,"176,663"
The Green Hornet,2011,"Action,Comedy,Crime",5.8,119,98.78 ,39,"160,903"
Out of Africa,1985,"Biography,Drama,Romance",7.1,161,87.10 ,69,"80,266"
Fang hua,2017,"Drama,Romance,War",7,135,1.89 ,69,"3,159"
Baby Driver,2017,"Action,Crime,Drama",7.6,113,107.83 ,86,"531,492"
Immortals,2011,"Action,Drama,Fantasy",6,110,83.50 ,46,"169,079"
Taken,2008,"Action,Crime,Thriller",7.8,90,145.00 ,51,"601,606"
Percy Jackson & the Olympians: The Lightning Thief,2010,"Adventure,Family,Fantasy",5.8,118,88.76 ,47,"189,434"
Hansel & Gretel: Witch Hunters,2013,"Action,Fantasy,Horror",6.1,88,55.70 ,23,"207,038"
Valerian and the City of a Thousand Planets,2017,"Action,Adventure,Fantasy",6.4,136,41.19 ,51,"181,635"
Good Will Hunting,1997,"Drama,Romance",8.3,126,138.43 ,70,"958,499"
Ford v Ferrari,2019,"Action,Biography,Drama",8.1,152,117.62 ,81,"386,696"
Jumper,2008,"Action,Adventure,Sci-Fi",6.1,88,80.17 ,35,"307,280"
Elf,2003,"Adventure,Comedy,Family",7,97,173.40 ,64,"265,528"
The Social Network,2010,"Biography,Drama",7.8,120,96.96 ,95,"698,176"
Chicken Run,2000,"Animation,Adventure,Comedy",7.1,84,106.83 ,88,"192,451"
Con Air,1997,"Action,Crime,Thriller",6.9,115,101.12 ,52,"299,733"
Interview with the Vampire: The Vampire Chronicles,1994,"Drama,Fantasy,Horror",7.5,123,105.26 ,59,"322,719"
Flightplan,2005,"Drama,Mystery,Thriller",6.3,98,89.71 ,53,"163,219"
Yes Man,2008,"Comedy,Romance",6.8,104,97.69 ,46,"362,007"
Non-Stop,2014,"Action,Mystery,Thriller",6.9,106,92.17 ,56,"264,924"
"Honey, I Shrunk the Kids",1989,"Adventure,Comedy,Family",6.4,93,130.72 ,63,"155,254"
Fahrenheit 9/11,2004,"Documentary,Drama,War",7.5,122,119.19 ,67,"129,811"
Wild Wild West,1999,"Action,Comedy,Sci-Fi",4.9,106,113.81 ,38,"161,503"
Geostorm,2017,"Action,Sci-Fi,Thriller",5.3,109,33.70 ,21,"108,381"
Presumed Innocent,1990,"Mystery,Thriller",6.9,127,86.30 ,72,"42,551"
Jungle Cruise,2021,"Action,Adventure,Comedy",6.6,127,116.99 ,50,"186,684"
Scary Movie 3,2003,Comedy,5.5,84,110.00 ,49,"148,137"
Collateral,2004,"Action,Crime,Drama",7.5,120,101.01 ,71,"403,122"
Inferno,2016,"Action,Adventure,Crime",6.2,121,34.34 ,42,"176,211"
Knocked Up,2007,"Comedy,Romance",6.9,129,148.73 ,85,"370,021"
Green Lantern,2011,"Action,Adventure,Sci-Fi",5.5,114,116.60 ,39,"285,243"
What Happens in Vegas,2008,"Comedy,Romance",6.1,99,80.28 ,36,"177,583"
It's Complicated,2009,"Comedy,Drama,Romance",6.5,121,112.74 ,57,"93,187"
The Terminal,2004,"Comedy,Drama,Romance",7.4,128,77.87 ,55,"457,518"
Captain Phillips,2013,"Action,Biography,Crime",7.8,134,107.10 ,82,"458,764"
The Prince of Egypt,1998,"Animation,Adventure,Drama",7.1,99,101.22 ,64,"132,633"
Jack Reacher,2012,"Action,Mystery,Thriller",7,130,80.07 ,50,"341,527"
Kingdom of Heaven,2005,"Action,Adventure,Drama",7.2,144,47.40 ,63,"288,615"
The Emoji Movie,2017,"Animation,Adventure,Comedy",3.3,86,86.09 ,12,"64,680"
Dracula Untold,2014,"Action,Drama,Fantasy",6.2,92,56.28 ,40,"195,378"
Central Intelligence,2016,"Action,Comedy,Crime",6.3,107,127.44 ,52,"190,383"
Million Dollar Baby,2004,"Drama,Sport",8.1,132,100.49 ,86,"684,956"
The Help,2011,Drama,8.1,146,169.71 ,62,"457,691"
Twins,1988,"Comedy,Crime",6.1,107,111.94 ,53,"125,275"
Little Women,2019,"Drama,Romance",7.8,135,108.10 ,91,"201,976"
Valentine's Day,2010,"Comedy,Romance",5.7,125,110.49 ,34,"120,271"
Bad Teacher,2011,"Comedy,Romance",5.6,92,100.29 ,47,"203,732"
The Croods: A New Age,2020,"Animation,Adventure,Comedy",6.9,95,58.57 ,56,"43,280"
Clear and Present Danger,1994,"Action,Crime,Drama",6.9,141,122.19 ,74,"100,222"
One Hundred and One Dalmatians,1961,"Animation,Adventure,Comedy",7.3,79,144.88 ,83,"168,257"
Ted 2,2015,Comedy,6.3,115,81.48 ,48,"209,744"
Dracula,1992,"Drama,Fantasy,Horror",7.4,128,82.52 ,57,"217,157"
Vertical Limit,2000,"Action,Adventure,Drama",5.9,124,69.24 ,48,"62,163"
Ghostbusters II,1989,"Action,Comedy,Fantasy",6.6,108,112.49 ,56,"207,469"
The Patriot,2000,"Action,Drama,History",7.2,165,113.33 ,63,"275,099"
The Sorcerer's Apprentice,2010,"Action,Adventure,Family",6.1,109,63.15 ,46,"162,670"
Just Go with It,2011,"Comedy,Romance",6.4,117,103.03 ,33,"244,880"
The Expendables 3,2014,"Action,Adventure,Thriller",6.1,126,39.32 ,35,"182,933"
Dirty Dancing,1987,"Drama,Music,Romance",7,100,0.62 ,65,"231,933"
Creed II,2018,"Drama,Sport",7.1,130,115.72 ,66,"124,925"
Smallfoot,2018,"Animation,Adventure,Comedy",6.6,96,83.24 ,60,"39,768"
Public Enemies,2009,"Action,Biography,Crime",7,140,97.10 ,70,"303,464"
The Bourne Identity,2002,"Action,Mystery,Thriller",7.9,119,121.66 ,68,"545,806"
Disclosure,1994,"Drama,Thriller",6.1,128,83.02 ,58,"50,693"
Pulp Fiction,1994,"Crime,Drama",8.9,154,107.93 ,94,"2,029,060"
The Aviator,2004,"Biography,Drama",7.5,170,102.61 ,77,"361,079"
Wo hu cang long,2000,"Action,Adventure,Drama",7.9,120,128.08 ,94,"269,385"
Braveheart,1995,"Biography,Drama,History",8.4,178,75.60 ,68,"1,032,016"
Into the Woods,2014,"Adventure,Comedy,Drama",5.9,125,128.00 ,69,"141,663"
Bedtime Stories,2008,"Adventure,Comedy,Family",6,99,110.10 ,33,"95,677"
Miss Congeniality,2000,"Action,Comedy,Crime",6.3,109,106.81 ,43,"210,746"
Entrapment,1999,"Action,Crime,Romance",6.3,113,87.70 ,54,"116,636"
Ace Ventura: When Nature Calls,1995,"Adventure,Comedy,Crime",6.4,90,108.39 ,45,"218,023"
End of Days,1999,"Action,Fantasy,Horror",5.8,122,66.89 ,33,"111,239"
Bridget Jones's Baby,2016,"Comedy,Drama,Romance",6.5,123,24.25 ,59,"76,123"
Fury,2014,"Action,Drama,War",7.5,134,85.82 ,64,"486,715"
Battle: Los Angeles,2011,"Action,Adventure,Sci-Fi",5.7,116,83.55 ,37,"180,761"
Australia,2008,"Adventure,Drama,Romance",6.6,165,49.55 ,53,"125,206"
Due Date,2010,"Comedy,Drama",6.5,95,100.54 ,51,"343,897"
Master and Commander: The Far Side of the World,2003,"Action,Adventure,Drama",7.4,138,93.93 ,81,"221,838"
A Series of Unfortunate Events,2004,"Adventure,Comedy,Family",6.8,108,118.63 ,62,"209,564"
The Little Mermaid,1989,"Animation,Adventure,Comedy",7.6,83,111.54 ,88,"262,826"
District 9,2009,"Action,Sci-Fi,Thriller",7.9,112,115.65 ,81,"679,692"
Moonraker,1979,"Action,Adventure,Sci-Fi",6.2,126,70.31 ,66,"101,670"
The Others,2001,"Horror,Mystery,Thriller",7.6,101,96.52 ,74,"366,446"
Horrible Bosses,2011,"Comedy,Crime",6.9,98,117.54 ,57,"448,740"
Red Dragon,2002,"Crime,Drama,Thriller",7.2,124,93.15 ,60,"273,714"
Tomorrowland,2015,"Action,Adventure,Family",6.4,130,93.44 ,60,"182,944"
Me Before You,2016,"Drama,Romance",7.4,106,56.25 ,51,"251,829"
Safe House,2012,"Action,Thriller",6.7,115,126.37 ,52,"223,518"
S.W.A.T.,2003,"Action,Adventure,Crime",6,117,116.93 ,45,"148,050"
The Fast and the Furious,2001,"Action,Adventure,Crime",6.8,106,144.53 ,58,"384,844"
Traffic,2000,"Crime,Drama,Thriller",7.6,147,124.12 ,86,"207,817"
Paranormal Activity 3,2011,"Horror,Mystery",5.8,83,104.01 ,59,"95,454"
Philadelphia,1993,Drama,7.7,125,77.32 ,66,"242,042"
The Conjuring: The Devil Made Me Do It,2021,"Horror,Mystery,Thriller",6.3,112,65.63 ,53,"113,608"
Sleepy Hollow,1999,"Fantasy,Horror,Mystery",7.3,105,101.07 ,65,"359,468"
The Holiday,2006,"Comedy,Romance",6.9,136,63.22 ,52,"284,868"
Nou fo,2021,"Action,Adventure,Crime",6.6,126,0.39 ,72,"4,700"
The Jungle Book,1967,"Animation,Adventure,Comedy",7.6,78,141.84 ,65,"183,055"
London Has Fallen,2016,"Action,Thriller",5.9,99,62.68 ,28,"158,975"
The Break-Up,2006,"Comedy,Drama,Romance",5.8,106,118.70 ,45,"133,142"
Xi you: Xiang mo pian,2013,"Action,Adventure,Comedy",6.7,110,0.02 ,68,"12,944"
The Ugly Truth,2009,"Comedy,Romance",6.4,96,88.92 ,28,"219,572"
JFK,1991,"Drama,History,Thriller",8,189,70.41 ,72,"156,390"
White House Down,2013,"Action,Drama,Thriller",6.3,131,73.10 ,52,"222,455"
Birds of Prey and the Fantabulous Emancipation of One Harley Quinn,2020,"Action,Adventure,Comedy",6,109,84.16 ,60,"236,909"
A Dog's Purpose,2017,"Adventure,Comedy,Drama",7.2,100,64.51 ,43,"72,732"
Gake no ue no Ponyo,2008,"Animation,Adventure,Comedy",7.6,101,15.09 ,86,"143,771"
Fun with Dick and Jane,2005,"Comedy,Crime",6.1,90,110.33 ,47,"146,198"
Eat Pray Love,2010,"Biography,Drama,Romance",5.8,133,80.57 ,50,"97,766"
Ghostbusters: Afterlife,2021,"Adventure,Comedy,Fantasy",7.1,124,129.36 ,45,"177,688"
You Don't Mess with the Zohan,2008,"Action,Comedy",5.6,113,100.02 ,54,"202,753"
The Addams Family,2019,"Animation,Comedy,Family",5.8,86,100.04 ,46,"39,322"
Hairspray,2007,"Comedy,Drama,Musical",6.7,117,118.87 ,81,"130,999"
King Arthur,2004,"Action,Adventure,Drama",6.3,126,51.88 ,46,"168,657"
Yogi Bear,2010,"Animation,Adventure,Comedy",4.6,81,100.25 ,35,"22,175"
Everest,2015,"Action,Adventure,Biography",7.1,121,43.48 ,64,"217,969"
Vanilla Sky,2001,"Fantasy,Mystery,Romance",6.9,136,100.61 ,45,"267,296"
Arrival,2016,"Drama,Mystery,Sci-Fi",7.9,116,100.55 ,81,"687,333"
Need for Speed,2014,"Action,Thriller",6.4,132,43.58 ,39,"171,494"
Garfield,2004,"Animation,Adventure,Comedy",5,80,75.37 ,27,"87,145"
Patch Adams,1998,"Biography,Comedy,Drama",6.8,115,135.03 ,25,"114,075"
Teenage Mutant Ninja Turtles,1990,"Action,Adventure,Comedy",6.7,93,135.27 ,51,"94,675"
Kindergarten Cop,1990,"Action,Comedy,Crime",6.2,111,91.46 ,61,"150,256"
Straight Outta Compton,2015,"Biography,Drama,History",7.8,147,161.20 ,72,"201,932"
21 Jump Street,2012,"Action,Comedy,Crime",7.2,109,138.45 ,69,"556,062"
Valkyrie,2008,"Drama,History,Thriller",7.1,121,83.08 ,56,"245,027"
Open Season,2006,"Animation,Adventure,Comedy",6.1,86,85.11 ,49,"96,896"
Cats & Dogs,2001,"Action,Adventure,Comedy",5.1,87,93.39 ,47,"59,863"
The Hunt for Red October,1990,"Action,Adventure,Thriller",7.5,135,122.01 ,58,"200,285"
Percy Jackson: Sea of Monsters,2013,"Adventure,Family,Fantasy",5.7,106,68.56 ,39,"118,717"
Two Weeks Notice,2002,"Comedy,Romance",6.1,101,93.35 ,42,"119,039"
RED,2010,"Action,Comedy,Crime",7,111,90.38 ,60,"309,159"
City of Angels,1998,"Drama,Fantasy,Romance",6.7,114,78.69 ,54,"121,219"
The Pacifier,2005,"Action,Comedy,Drama",5.6,95,113.09 ,30,"95,001"
50 First Dates,2004,"Comedy,Drama,Romance",6.8,99,120.91 ,48,"355,191"
Total Recall,2012,"Action,Adventure,Sci-Fi",6.2,118,58.88 ,43,"254,967"
Yi chu hao xi,2018,"Comedy,Drama",6.2,134,0.67 ,61,"1,751"
Lo imposible,2012,"Adventure,Drama,History",7.5,114,19.02 ,73,"223,973"
Ren zai jiong tu: Tai jiong,2012,"Adventure,Comedy,Drama",6.2,105,0.06 ,55,"3,533"
Christopher Robin,2018,"Adventure,Comedy,Drama",7.2,104,99.22 ,60,"78,143"
Jack the Giant Slayer,2013,"Action,Adventure,Fantasy",6.3,114,65.19 ,51,"139,422"
Smurfs: The Lost Village,2017,"Animation,Adventure,Comedy",5.9,90,45.02 ,40,"21,802"
Spy Kids 3: Game Over,2003,"Action,Adventure,Comedy",4.3,84,111.76 ,57,"60,852"
Panic Room,2002,"Crime,Drama,Thriller",6.8,112,96.40 ,65,"280,108"
The Other Woman,2014,"Comedy,Romance",6,109,83.91 ,39,"141,573"
Stargate,1994,"Action,Adventure,Sci-Fi",7,116,71.57 ,42,"191,090"
Beowulf,2007,"Animation,Action,Adventure",6.3,115,82.16 ,59,"168,626"
The Vow,2012,"Drama,Romance",6.8,104,125.01 ,43,"194,851"
Anger Management,2003,Comedy,6.2,106,135.65 ,52,"216,400"
Tropic Thunder,2008,"Action,Comedy,War",7,107,110.52 ,71,"414,914"
The Shape of Water,2017,"Drama,Fantasy,Romance",7.3,123,63.86 ,87,"417,542"
Rocketman,2019,"Biography,Drama,Musical",7.3,121,96.37 ,69,"174,642"
The Pelican Brief,1993,"Crime,Drama,Mystery",6.6,141,100.77 ,50,"88,065"
The BFG,2016,"Adventure,Family,Fantasy",6.3,117,55.48 ,66,"86,377"
The Intern,2015,"Comedy,Drama",7.1,121,75.76 ,51,"251,894"
The Curse of the Were-Rabbit,2005,"Animation,Adventure,Comedy",7.5,85,56.11 ,87,"136,257"
Gnomeo & Juliet,2011,"Animation,Adventure,Comedy",5.9,84,99.97 ,53,"56,278"
The Sum of All Fears,2002,"Action,Drama,Thriller",6.4,124,118.91 ,45,"116,714"
Tenki no ko,2019,"Animation,Drama,Fantasy",7.5,112,7.80 ,72,"40,645"
Gangs of New York,2002,"Crime,Drama",7.5,167,77.81 ,72,"440,994"
Paranormal Activity,2007,"Horror,Mystery",6.3,86,107.92 ,68,"240,026"
The Lego Movie 2: The Second Part,2019,"Animation,Action,Adventure",6.6,107,105.81 ,65,"66,840"
The Equalizer,2014,"Action,Crime,Thriller",7.2,132,101.53 ,57,"370,174"
Downton Abbey,2019,"Drama,Romance",7.4,122,96.85 ,64,"56,300"
The Addams Family,1991,"Comedy,Fantasy",6.9,99,113.50 ,57,"155,569"
The Longest Yard,2005,"Comedy,Crime,Sport",6.4,113,158.12 ,48,"179,890"
The Santa Clause,1994,"Comedy,Drama,Family",6.5,97,144.83 ,57,"115,965"
Cheaper by the Dozen,2003,"Comedy,Family",5.9,98,138.61 ,46,"102,741"
The Equalizer 2,2018,"Action,Crime,Thriller",6.7,121,102.08 ,50,"159,456"
Hollow Man,2000,"Action,Horror,Sci-Fi",5.8,112,73.21 ,24,"131,978"
Outbreak,1995,"Action,Drama,Thriller",6.6,127,67.82 ,64,"130,266"
The X Files,1998,"Drama,Mystery,Sci-Fi",7,121,83.90 ,60,"106,169"
Rambo III,1988,"Action,Adventure,Thriller",5.8,102,53.72 ,36,"131,800"
The Secret Life of Walter Mitty,2013,"Adventure,Comedy,Drama",7.3,114,58.24 ,54,"317,252"
Jaws 2,1978,"Adventure,Horror,Thriller",5.8,116,102.92 ,51,"78,895"
12 Years a Slave,2013,"Biography,Drama,History",8.1,134,56.67 ,96,"697,506"
Heat,1995,"Action,Crime,Drama",8.3,170,67.44 ,76,"650,648"
Mr. Popper's Penguins,2011,"Comedy,Family,Fantasy",6,94,68.22 ,53,"97,778"
The Grudge,2004,"Horror,Mystery,Thriller",5.9,91,110.36 ,49,"145,321"
I Now Pronounce You Chuck & Larry,2007,"Comedy,Romance",5.9,115,120.06 ,37,"148,092"
The Horse Whisperer,1998,"Drama,Romance,Western",6.7,169,75.38 ,65,"41,578"
Walk the Line,2005,"Biography,Drama,Music",7.8,136,119.52 ,72,"251,365"
The Jungle Book 2,2003,"Animation,Adventure,Comedy",5.3,72,47.89 ,38,"16,595"
The Final Destination,2009,"Horror,Thriller",5.1,82,66.48 ,30,"106,590"
Atlantis: The Lost Empire,2001,"Animation,Action,Adventure",6.9,95,84.05 ,52,"120,319"
Inside Man,2006,"Crime,Drama,Mystery",7.6,129,88.51 ,76,"372,552"
The Waterboy,1998,"Comedy,Sport",6.1,90,161.49 ,41,"164,784"
Hugo,2011,"Adventure,Drama,Family",7.5,126,73.86 ,83,"323,110"
Pitch Perfect 3,2017,"Comedy,Music",5.8,93,104.90 ,40,"64,635"
Watchmen,2009,"Action,Drama,Mystery",7.6,162,107.51 ,56,"550,223"
The Birdcage,1996,Comedy,7.2,117,124.06 ,72,"90,410"
Moulin Rouge!,2001,"Drama,Musical,Romance",7.6,127,57.39 ,66,"285,299"
Snow White and the Seven Dwarfs,1937,"Animation,Adventure,Family",7.6,83,184.93 ,95,"199,508"
Hop,2011,"Animation,Adventure,Comedy",5.4,95,108.09 ,41,"34,659"
Bad Moms,2016,Comedy,6.2,100,113.26 ,60,"125,657"
Jupiter Ascending,2015,"Action,Adventure,Sci-Fi",5.3,127,47.39 ,40,"188,877"
Knowing,2009,"Action,Mystery,Sci-Fi",6.2,121,79.96 ,41,"235,104"
102 Dalmatians,2000,"Adventure,Comedy,Family",4.8,100,66.96 ,35,"37,736"
Storks,2016,"Animation,Adventure,Comedy",6.8,87,72.68 ,56,"62,604"
Paul Blart: Mall Cop,2009,"Action,Comedy,Crime",5.2,91,20.82 ,39,"110,992"
Wayne's World,1992,"Comedy,Music",7,94,121.70 ,57,"157,683"
Maverick,1994,"Action,Adventure,Comedy",7,127,101.63 ,62,"112,377"
Mirror Mirror,2012,"Adventure,Comedy,Drama",5.6,106,64.94 ,46,"88,106"
The Man in the Iron Mask,1998,"Action,Adventure,Drama",6.5,132,56.97 ,48,"168,134"
Cape Fear,1991,"Crime,Thriller",7.3,128,79.10 ,73,"195,086"
The Haunted Mansion,2003,"Comedy,Family,Fantasy",5.1,99,75.85 ,34,"49,475"
While You Were Sleeping,1995,"Comedy,Drama,Romance",6.7,103,81.06 ,67,"103,474"
The Bridges of Madison County,1995,"Drama,Romance",7.6,135,71.52 ,69,"82,009"
Poseidon,2006,"Action,Adventure,Thriller",5.7,98,60.67 ,50,"105,442"
The First Wives Club,1996,Comedy,6.4,103,105.49 ,58,"49,703"
Scooby-Doo 2: Monsters Unleashed,2004,"Adventure,Comedy,Family",5.1,93,84.22 ,34,"57,979"
Hot Shots!,1991,"Action,Comedy",6.7,84,69.47 ,61,"108,955"
Road to Perdition,2002,"Crime,Drama,Thriller",7.7,117,104.45 ,72,"268,139"
Kill Bill: Vol. 1,2003,"Action,Crime,Drama",8.2,111,70.10 ,69,"1,106,348"
Abominable,2019,"Animation,Adventure,Comedy",7,97,60.72 ,61,"38,652"
The Scorpion King,2002,"Action,Adventure,Fantasy",5.5,92,91.05 ,45,"139,017"
Sweet Home Alabama,2002,"Comedy,Romance",6.2,108,127.22 ,45,"114,304"
Daddy's Home 2,2017,Comedy,6,100,104.03 ,30,"73,585"
Hacksaw Ridge,2016,"Biography,Drama,History",8.1,139,67.21 ,71,"519,526"
Deja Vu,2006,"Action,Crime,Sci-Fi",7.1,126,64.04 ,59,"311,544"
The Post,2017,"Biography,Drama,History",7.2,116,81.90 ,83,"151,213"
Dangerous Minds,1995,"Biography,Drama",6.5,99,84.92 ,47,"53,396"
The Dictator,2012,Comedy,6.4,83,59.65 ,58,"306,587"
The League of Extraordinary Gentlemen,2003,"Action,Adventure,Fantasy",5.8,110,66.47 ,30,"176,615"
Allegiant,2016,"Action,Adventure,Mystery",5.7,120,66.18 ,33,"122,686"
Daredevil,2003,"Action,Crime",5.3,103,102.54 ,42,"220,544"
City Slickers,1991,"Comedy,Western",6.8,113,124.03 ,70,"57,660"
He's Just Not That Into You,2009,"Comedy,Drama,Romance",6.4,129,93.95 ,47,"173,744"
Eagle Eye,2008,"Action,Mystery,Thriller",6.6,118,101.11 ,43,"187,619"
Along Came Polly,2004,"Comedy,Romance",6,90,88.10 ,44,"136,227"
Flushed Away,2006,"Animation,Action,Adventure",6.6,85,64.67 ,74,"126,561"
Scary Movie 4,2006,Comedy,5.1,83,90.71 ,40,"121,998"
Dante's Peak,1997,"Action,Adventure,Thriller",6,108,67.13 ,43,"91,310"
Brokeback Mountain,2005,"Drama,Romance",7.7,134,83.04 ,87,"356,481"
Patriot Games,1992,"Action,Thriller",6.8,117,83.29 ,64,"112,761"
Flubber,1997,"Comedy,Family,Sci-Fi",5.3,93,92.98 ,37,"90,045"
Baywatch,2017,"Action,Comedy,Crime",5.5,116,58.06 ,37,"186,464"
Double Jeopardy,1999,"Crime,Drama,Mystery",6.5,105,116.74 ,40,"87,441"
War Horse,2011,"Action,Adventure,Drama",7.2,146,79.88 ,72,"157,803"
Paranormal Activity 2,2010,"Horror,Mystery",5.7,91,84.75 ,53,"104,677"
How to Lose a Guy in 10 Days,2003,"Comedy,Romance",6.4,116,105.81 ,45,"238,604"
AVP: Alien vs. Predator,2004,"Action,Adventure,Horror",5.6,101,80.28 ,29,"201,179"
Ying xiong,2002,"Action,Adventure,Drama",7.9,120,53.71 ,85,"181,634"
The 40 Year Old Virgin,2005,"Comedy,Romance",7.1,116,109.45 ,73,"436,221"
The Butler,2013,"Biography,Drama",7.2,132,116.63 ,65,"115,446"
The Haunting,1999,"Fantasy,Horror,Mystery",5,113,91.41 ,42,"76,733"
The Descendants,2011,"Comedy,Drama",7.3,115,82.58 ,84,"242,388"
The A-Team,2010,"Action,Adventure,Thriller",6.7,117,77.22 ,47,"259,316"
Tootsie,1982,"Comedy,Drama,Romance",7.4,116,177.20 ,88,"107,311"
In the Line of Fire,1993,"Action,Crime,Drama",7.2,128,102.31 ,74,"104,598"
Analyze This,1999,"Comedy,Crime",6.7,103,106.89 ,61,"154,726"
The Hitman's Bodyguard,2017,"Action,Comedy,Crime",6.9,118,75.47 ,47,"230,821"
